0.00	0.990039945213	wgs
0.01	0.989581792237	wgs
0.02	0.989118866835	wgs
0.03	0.98878002453	wgs
0.04	0.988431637372	wgs
0.05	0.988102339921	wgs
0.06	0.987835084019	wgs
0.07	0.987496241714	wgs
0.08	0.987271937653	wgs
0.09	0.987028543885	wgs
0.10	0.986770832836	wgs
0.11	0.986517894214	wgs
0.12	0.986355631702	wgs
0.13	0.9860883758	wgs
0.14	0.985849754459	wgs
0.15	0.985587270983	wgs
0.16	0.985367739349	wgs
0.17	0.98518638713	wgs
0.18	0.984985945203	wgs
0.19	0.984752096288	wgs
0.20	0.984604151057	wgs
0.21	0.984370302142	wgs
0.22	0.984150770508	wgs
0.23	0.983988507996	wgs
0.24	0.983792838496	wgs
0.25	0.983621031131	wgs
0.26	0.983434906484	wgs
0.27	0.983248781838	wgs
0.28	0.983010160497	wgs
0.29	0.982766766729	wgs
0.30	0.982571097229	wgs
0.31	0.982351565595	wgs
0.32	0.982174985802	wgs
0.33	0.981912502327	wgs
0.34	0.981635701571	wgs
0.35	0.981406625083	wgs
0.36	0.98111073462	wgs
0.37	0.980829161437	wgs
0.38	0.980585767669	wgs
0.39	0.980347146327	wgs
0.40	0.980141931974	wgs
0.41	0.97983172423	wgs
0.42	0.979616965023	wgs
0.43	0.979235170877	wgs
0.44	0.978810424889	wgs
0.45	0.978385678902	wgs
0.46	0.977989567475	wgs
0.47	0.977536186926	wgs
0.48	0.976996902695	wgs
0.49	0.976514887585	wgs
0.50	0.975827658122	wgs
0.51	0.975135656233	wgs
0.52	0.974381612794	wgs
0.53	0.973536893246	wgs
0.54	0.972501276624	wgs
0.55	0.971346349332	wgs
0.56	0.970143697772	wgs
0.57	0.968564024492	wgs
0.58	0.96680777142	wgs
0.59	0.964851076421	wgs
0.60	0.962479180288	wgs
0.61	0.959811393692	wgs
0.62	0.957005206718	wgs
0.63	0.95360246639	wgs
0.64	0.94943613777	wgs
0.65	0.945074139651	wgs
0.66	0.94027785069	wgs
0.67	0.934689338876	wgs
0.68	0.928685625928	wgs
0.69	0.921880145273	wgs
0.70	0.914225172643	wgs
0.71	0.906436572061	wgs
0.72	0.897903472895	wgs
0.73	0.888129542754	wgs
0.74	0.878217212235	wgs
0.75	0.86724540296	wgs
0.76	0.855352515308	wgs
0.77	0.84241446618	wgs
0.78	0.829156664455	wgs
0.79	0.815412075194	wgs
0.80	0.800865718226	wgs
0.81	0.785331468905	wgs
0.82	0.769415425438	wgs
0.83	0.752692841837	wgs
0.84	0.735822313004	wgs
0.85	0.718145244038	wgs
0.86	0.70021523645	wgs
0.87	0.681893889862	wgs
0.88	0.663185976701	wgs
0.89	0.644377842577	wgs
0.90	0.625631750001	wgs
0.91	0.605969351475	wgs
0.92	0.586989409985	wgs
0.93	0.568329221092	wgs
0.94	0.5496690322	wgs
0.95	0.530517283344	wgs
0.96	0.511570748841	wgs
0.97	0.492963056644	wgs
0.98	0.474493764824	wgs
0.99	0.456726019748	wgs
1.00	0.438748287892	wgs
1.01	0.421844352071	wgs
1.02	0.405159947885	wgs
1.03	0.389205725003	wgs
1.04	0.372492686256	wgs
1.05	0.356772312289	wgs
1.06	0.341032848614	wgs
1.07	0.325512916573	wgs
1.08	0.310474999642	wgs
1.09	0.296109994894	wgs
1.10	0.282265184669	wgs
1.11	0.268463326286	wgs
1.12	0.255563456573	wgs
1.13	0.242706538702	wgs
1.14	0.230083469745	wgs
1.15	0.217584483886	wgs
1.16	0.205548423429	wgs
1.17	0.193617356362	wgs
1.18	0.18234011177	wgs
1.19	0.171501930447	wgs
1.20	0.160678066404	wgs
1.21	0.150689377055	wgs
1.22	0.140633873731	wgs
1.23	0.131365820834	wgs
1.24	0.122684776436	wgs
1.25	0.114428478025	wgs
1.26	0.106520566773	wgs
1.27	0.0985076621313	wgs
1.28	0.091406291013	wgs
1.29	0.0841235676754	wgs
1.30	0.0776139774837	wgs
1.31	0.0714670917308	wgs
1.32	0.0656638207095	wgs
1.33	0.0600466743344	wgs
1.34	0.0550738055809	wgs
1.35	0.0504445515589	wgs
1.36	0.0459871049027	wgs
1.37	0.0415773825148	wgs
1.38	0.0376067233949	wgs
1.39	0.0341944382138	wgs
1.40	0.03110190563	wgs
1.41	0.0282718565218	wgs
1.42	0.0257901945718	wgs
1.43	0.0231987668049	wgs
1.44	0.0208889122208	wgs
1.45	0.0187747271365	wgs
1.46	0.017080515613	wgs
1.47	0.0151142757604	wgs
1.48	0.0135441473344	wgs
1.49	0.0122126402497	wgs
1.50	0.010909767726	wgs
1.51	0.00971666101929	wgs
1.52	0.00872399623933	wgs
1.53	0.00769792447157	wgs
1.54	0.00690570161833	wgs
1.55	0.00611347876509	wgs
1.56	0.00554078754587	wgs
1.57	0.00496809632666	wgs
1.58	0.00455766761956	wgs
1.59	0.0041186043515	wgs
1.60	0.00379885175411	wgs
1.61	0.00340751275431	wgs
1.62	0.0031211671447	wgs
1.63	0.0029064079375	wgs
1.64	0.00264869688885	wgs
1.65	0.00243393768165	wgs
1.66	0.00224781303541	wgs
1.67	0.00209986780378	wgs
1.68	0.00194237771849	wgs
1.69	0.00182306704782	wgs
1.70	0.00169898395033	wgs
1.71	0.0016226251211	wgs
1.72	0.00154149386505	wgs
1.73	0.00144604532851	wgs
1.74	0.00137445892611	wgs
1.75	0.00131718980419	wgs
1.76	0.00124083097496	wgs
1.77	0.00119787913352	wgs
1.78	0.00117401699938	wgs
1.79	0.00112152030429	wgs
1.80	0.00109288574333	wgs
1.81	0.00105947875554	wgs
1.82	0.00104038904823	wgs
1.83	0.00100698206045	wgs
1.84	0.000983119926314	wgs
1.85	0.00095925779218	wgs
1.86	0.000949712938526	wgs
1.87	0.000925850804393	wgs
1.88	0.000925850804393	wgs
1.89	0.000901988670259	wgs
1.90	0.000878126536125	wgs
1.91	0.000849491975164	wgs
1.92	0.000835174694684	wgs
1.93	0.000820857414204	wgs
1.94	0.000801767706897	wgs
1.95	0.000792222853243	wgs
1.96	0.00078267799959	wgs
1.97	0.000777905572763	wgs
1.98	0.000763588292283	wgs
1.99	0.000754043438629	wgs
2.00	0.000739726158149	wgs
2.01	0.000715864024015	wgs
2.02	0.000696774316708	wgs
2.03	0.000687229463054	wgs
2.04	0.000677684609401	wgs
2.05	0.00064905004844	wgs
2.06	0.000639505194787	wgs
2.07	0.000625187914306	wgs
2.08	0.00062041548748	wgs
2.09	0.000606098206999	wgs
2.10	0.000601325780172	wgs
2.11	0.000596553353346	wgs
2.12	0.000591780926519	wgs
2.13	0.000587008499692	wgs
2.14	0.000577463646039	wgs
2.15	0.000567918792385	wgs
2.16	0.000553601511905	wgs
2.17	0.000553601511905	wgs
2.18	0.000539284231425	wgs
2.19	0.000529739377771	wgs
2.20	0.000529739377771	wgs
2.21	0.000520194524117	wgs
2.22	0.000505877243637	wgs
2.23	0.000505877243637	wgs
2.24	0.000482015109503	wgs
2.25	0.000477242682677	wgs
2.26	0.000477242682677	wgs
2.27	0.000477242682677	wgs
2.28	0.000467697829023	wgs
2.29	0.000467697829023	wgs
2.30	0.00045815297537	wgs
2.31	0.000443835694889	wgs
2.32	0.000434290841236	wgs
2.33	0.000429518414409	wgs
2.34	0.000415201133929	wgs
2.35	0.000410428707102	wgs
2.36	0.000410428707102	wgs
2.37	0.000405656280275	wgs
2.38	0.000400883853448	wgs
2.39	0.000386566572968	wgs
2.40	0.000386566572968	wgs
2.41	0.000386566572968	wgs
2.42	0.000381794146141	wgs
2.43	0.000367476865661	wgs
2.44	0.000367476865661	wgs
2.45	0.000357932012007	wgs
2.46	0.000353159585181	wgs
2.47	0.000353159585181	wgs
2.48	0.000348387158354	wgs
2.49	0.000343614731527	wgs
2.50	0.000343614731527	wgs
2.51	0.000343614731527	wgs
2.52	0.0003388423047	wgs
2.53	0.0003388423047	wgs
2.54	0.000334069877874	wgs
2.55	0.000334069877874	wgs
2.56	0.00032452502422	wgs
2.57	0.00032452502422	wgs
2.58	0.00032452502422	wgs
2.59	0.00032452502422	wgs
2.60	0.000305435316913	wgs
2.61	0.000300662890086	wgs
2.62	0.000300662890086	wgs
2.63	0.000300662890086	wgs
2.64	0.000300662890086	wgs
2.65	0.000295890463259	wgs
2.66	0.000295890463259	wgs
2.67	0.000291118036433	wgs
2.68	0.000286345609606	wgs
2.69	0.000286345609606	wgs
2.70	0.000281573182779	wgs
2.71	0.000272028329126	wgs
2.72	0.000272028329126	wgs
2.73	0.000272028329126	wgs
2.74	0.000272028329126	wgs
2.75	0.000272028329126	wgs
2.76	0.000272028329126	wgs
2.77	0.000272028329126	wgs
2.78	0.000272028329126	wgs
2.79	0.000267255902299	wgs
2.80	0.000267255902299	wgs
2.81	0.000267255902299	wgs
2.82	0.000267255902299	wgs
2.83	0.000267255902299	wgs
2.84	0.000262483475472	wgs
2.85	0.000262483475472	wgs
2.86	0.000262483475472	wgs
2.87	0.000262483475472	wgs
2.88	0.000262483475472	wgs
2.89	0.000262483475472	wgs
2.90	0.000262483475472	wgs
2.91	0.000257711048645	wgs
2.92	0.000257711048645	wgs
2.93	0.000257711048645	wgs
2.94	0.000257711048645	wgs
2.95	0.000252938621819	wgs
2.96	0.000252938621819	wgs
2.97	0.000248166194992	wgs
2.98	0.000248166194992	wgs
2.99	0.000248166194992	wgs
3.00	0.0	wgs
0.00	0.990087669481	wgs
0.01	0.989662923493	wgs
0.02	0.989104549554	wgs
0.03	0.988717982982	wgs
0.04	0.988379140677	wgs
0.05	0.988068932933	wgs
0.06	0.987796904604	wgs
0.07	0.987438972592	wgs
0.08	0.987214668531	wgs
0.09	0.986942640202	wgs
0.10	0.986718336141	wgs
0.11	0.986522666641	wgs
0.12	0.986317452288	wgs
0.13	0.986097920654	wgs
0.14	0.985844982032	wgs
0.15	0.98560636069	wgs
0.16	0.985324787508	wgs
0.17	0.985191159557	wgs
0.18	0.984952538215	wgs
0.19	0.984728234154	wgs
0.20	0.984561199215	wgs
0.21	0.984379846996	wgs
0.22	0.984179405069	wgs
0.23	0.983940783728	wgs
0.24	0.983745114228	wgs
0.25	0.983578079289	wgs
0.26	0.983372864936	wgs
0.27	0.983205829997	wgs
0.28	0.982957663802	wgs
0.29	0.982785856436	wgs
0.30	0.982590186936	wgs
0.31	0.982337248314	wgs
0.32	0.982093854546	wgs
0.33	0.981883867766	wgs
0.34	0.981692970693	wgs
0.35	0.981454349351	wgs
0.36	0.981277769559	wgs
0.37	0.981077327632	wgs
0.38	0.980757575034	wgs
0.39	0.980480774279	wgs
0.40	0.98023738051	wgs
0.41	0.980003531596	wgs
0.42	0.979736275694	wgs
0.43	0.979411750669	wgs
0.44	0.978996549535	wgs
0.45	0.978619527816	wgs
0.46	0.978242506097	wgs
0.47	0.977798670402	wgs
0.48	0.977297565585	wgs
0.49	0.976705784659	wgs
0.50	0.976090141598	wgs
0.51	0.975326553306	wgs
0.52	0.97446274405	wgs
0.53	0.973675293624	wgs
0.54	0.972630132148	wgs
0.55	0.971456115149	wgs
0.56	0.970014842247	wgs
0.57	0.968544934785	wgs
0.58	0.966836405981	wgs
0.59	0.964736538177	wgs
0.60	0.962483952715	wgs
0.61	0.95994979407	wgs
0.62	0.957114972535	wgs
0.63	0.953831542878	wgs
0.64	0.950209270916	wgs
0.65	0.945937948906	wgs
0.66	0.941113025385	wgs
0.67	0.935658141522	wgs
0.68	0.929568524891	wgs
0.69	0.922805996077	wgs
0.70	0.915093754325	wgs
0.71	0.907290836463	wgs
0.72	0.899029765626	wgs
0.73	0.889360828875	wgs
0.74	0.879090566344	wgs
0.75	0.868047170667	wgs
0.76	0.855839302844	wgs
0.77	0.843168509619	wgs
0.78	0.829519368894	wgs
0.79	0.81489188067	wgs
0.80	0.800631869312	wgs
0.81	0.78527897221	wgs
0.82	0.769000224304	wgs
0.83	0.752726248825	wgs
0.84	0.735020545297	wgs
0.85	0.717920939977	wgs
0.86	0.699513689706	wgs
0.87	0.681034853033	wgs
0.88	0.662293532884	wgs
0.89	0.643432902065	wgs
0.90	0.625006562087	wgs
0.91	0.606083889719	wgs
0.92	0.586621933119	wgs
0.93	0.5681526413	wgs
0.94	0.549053389139	wgs
0.95	0.529314631783	wgs
0.96	0.510119931086	wgs
0.97	0.491392928218	wgs
0.98	0.473157485313	wgs
0.99	0.455828803505	wgs
1.00	0.438261500356	wgs
1.01	0.421271660852	wgs
1.02	0.404086151849	wgs
1.03	0.387540148041	wgs
1.04	0.371986809012	wgs
1.05	0.35652891852	wgs
1.06	0.340803772126	wgs
1.07	0.325856531305	wgs
1.08	0.311219498227	wgs
1.09	0.296864038332	wgs
1.10	0.282728110071	wgs
1.11	0.26887852742	wgs
1.12	0.255425056195	wgs
1.13	0.242009764385	wgs
1.14	0.22914330166	wgs
1.15	0.216983158106	wgs
1.16	0.205305029661	wgs
1.17	0.193774846447	wgs
1.18	0.182383063612	wgs
1.19	0.171425571617	wgs
1.20	0.160654204269	wgs
1.21	0.150445983287	wgs
1.22	0.141029985158	wgs
1.23	0.131623531882	wgs
1.24	0.122894763216	wgs
1.25	0.114452340159	wgs
1.26	0.106448980371	wgs
1.27	0.0989371805457	wgs
1.28	0.0913967461594	wgs
1.29	0.0844719548338	wgs
1.30	0.0778669161055	wgs
1.31	0.0716102645356	wgs
1.32	0.0659597111727	wgs
1.33	0.0606098206999	wgs
1.34	0.0553696960441	wgs
1.35	0.0503491030224	wgs
1.36	0.0459727876222	wgs
1.37	0.0417587347342	wgs
1.38	0.0378644344436	wgs
1.39	0.0344330595551	wgs
1.40	0.031159174752	wgs
1.41	0.0279377866439	wgs
1.42	0.0252413654868	wgs
1.43	0.0227740208173	wgs
1.44	0.0205739320502	wgs
1.45	0.0184597469659	wgs
1.46	0.0166319074913	wgs
1.47	0.0148040680166	wgs
1.48	0.0133866572491	wgs
1.49	0.0120360604571	wgs
1.50	0.010800001909	wgs
1.51	0.00974052315343	wgs
1.52	0.00875263080029	wgs
1.53	0.00787927669099	wgs
1.54	0.00704887442313	wgs
1.55	0.00633778282594	wgs
1.56	0.00573168461895	wgs
1.57	0.00516376582656	wgs
1.58	0.00466266100975	wgs
1.59	0.00418541832707	wgs
1.60	0.00388475543699	wgs
1.61	0.00359363740055	wgs
1.62	0.00330729179095	wgs
1.63	0.00301140132769	wgs
1.64	0.00281573182779	wgs
1.65	0.00261051747424	wgs
1.66	0.00232894429146	wgs
1.67	0.00217622663301	wgs
1.68	0.00200441926724	wgs
1.69	0.00191374315753	wgs
1.70	0.00178011520638	wgs
1.71	0.00166557696254	wgs
1.72	0.00153672143822	wgs
1.73	0.00142218319438	wgs
1.74	0.00134582436515	wgs
1.75	0.00127423796275	wgs
1.76	0.00120742398717	wgs
1.77	0.00116447214573	wgs
1.78	0.0011406100116	wgs
1.79	0.00109765817016	wgs
1.80	0.00105470632872	wgs
1.81	0.0010165269141	wgs
1.82	0.000983119926314	wgs
1.83	0.00095925779218	wgs
1.84	0.000935395658046	wgs
1.85	0.000901988670259	wgs
1.86	0.000882898962952	wgs
1.87	0.000863809255645	wgs
1.88	0.000844719548338	wgs
1.89	0.000830402267857	wgs
1.90	0.00081131256055	wgs
1.91	0.000806540133723	wgs
1.92	0.000801767706897	wgs
1.93	0.000787450426416	wgs
1.94	0.000773133145936	wgs
1.95	0.000773133145936	wgs
1.96	0.000763588292283	wgs
1.97	0.000758815865456	wgs
1.98	0.000754043438629	wgs
1.99	0.000739726158149	wgs
2.00	0.000734953731322	wgs
2.01	0.000734953731322	wgs
2.02	0.000701546743535	wgs
2.03	0.000696774316708	wgs
2.04	0.000692001889881	wgs
2.05	0.000677684609401	wgs
2.06	0.000668139755747	wgs
2.07	0.000658594902094	wgs
2.08	0.000653822475267	wgs
2.09	0.00063473276796	wgs
2.10	0.00062041548748	wgs
2.11	0.000610870633826	wgs
2.12	0.000606098206999	wgs
2.13	0.000601325780172	wgs
2.14	0.000596553353346	wgs
2.15	0.000582236072865	wgs
2.16	0.000577463646039	wgs
2.17	0.000553601511905	wgs
2.18	0.000548829085078	wgs
2.19	0.000539284231425	wgs
2.20	0.000524966950944	wgs
2.21	0.000515422097291	wgs
2.22	0.000510649670464	wgs
2.23	0.000496332389984	wgs
2.24	0.000496332389984	wgs
2.25	0.00047247025585	wgs
2.26	0.000467697829023	wgs
2.27	0.000448608121716	wgs
2.28	0.000448608121716	wgs
2.29	0.000434290841236	wgs
2.30	0.000424745987582	wgs
2.31	0.000424745987582	wgs
2.32	0.000410428707102	wgs
2.33	0.000405656280275	wgs
2.34	0.000400883853448	wgs
2.35	0.000396111426622	wgs
2.36	0.000381794146141	wgs
2.37	0.000372249292488	wgs
2.38	0.000362704438834	wgs
2.39	0.000362704438834	wgs
2.40	0.000362704438834	wgs
2.41	0.000353159585181	wgs
2.42	0.000353159585181	wgs
2.43	0.000353159585181	wgs
2.44	0.0003388423047	wgs
2.45	0.000334069877874	wgs
2.46	0.000334069877874	wgs
2.47	0.00032452502422	wgs
2.48	0.000319752597393	wgs
2.49	0.000319752597393	wgs
2.50	0.00031020774374	wgs
2.51	0.000305435316913	wgs
2.52	0.000305435316913	wgs
2.53	0.000305435316913	wgs
2.54	0.000305435316913	wgs
2.55	0.000300662890086	wgs
2.56	0.000300662890086	wgs
2.57	0.000300662890086	wgs
2.58	0.000300662890086	wgs
2.59	0.000295890463259	wgs
2.60	0.000295890463259	wgs
2.61	0.000281573182779	wgs
2.62	0.000281573182779	wgs
2.63	0.000281573182779	wgs
2.64	0.000281573182779	wgs
2.65	0.000276800755952	wgs
2.66	0.000267255902299	wgs
2.67	0.000267255902299	wgs
2.68	0.000267255902299	wgs
2.69	0.000267255902299	wgs
2.70	0.000262483475472	wgs
2.71	0.000262483475472	wgs
2.72	0.000262483475472	wgs
2.73	0.000257711048645	wgs
2.74	0.000257711048645	wgs
2.75	0.000257711048645	wgs
2.76	0.000257711048645	wgs
2.77	0.000257711048645	wgs
2.78	0.000257711048645	wgs
2.79	0.000257711048645	wgs
2.80	0.000257711048645	wgs
2.81	0.000257711048645	wgs
2.82	0.000257711048645	wgs
2.83	0.000252938621819	wgs
2.84	0.000252938621819	wgs
2.85	0.000248166194992	wgs
2.86	0.000248166194992	wgs
2.87	0.000248166194992	wgs
2.88	0.000248166194992	wgs
2.89	0.000248166194992	wgs
2.90	0.000248166194992	wgs
2.91	0.000243393768165	wgs
2.92	0.000243393768165	wgs
2.93	0.000243393768165	wgs
2.94	0.000243393768165	wgs
2.95	0.000243393768165	wgs
2.96	0.000243393768165	wgs
2.97	0.000243393768165	wgs
2.98	0.000243393768165	wgs
2.99	0.000243393768165	wgs
3.00	0.0	wgs
0.00	0.990135393749	wgs
0.01	0.989634288932	wgs
0.02	0.989109321981	wgs
0.03	0.988760934823	wgs
0.04	0.98837436825	wgs
0.05	0.988068932933	wgs
0.06	0.987777814897	wgs
0.07	0.987524876275	wgs
0.08	0.987214668531	wgs
0.09	0.986942640202	wgs
0.10	0.986656294592	wgs
0.11	0.986470169946	wgs
0.12	0.986255410739	wgs
0.13	0.986002472117	wgs
0.14	0.985759078349	wgs
0.15	0.985549091569	wgs
0.16	0.985315242654	wgs
0.17	0.985047986752	wgs
0.18	0.984847544825	wgs
0.19	0.984728234154	wgs
0.20	0.984527792228	wgs
0.21	0.984322577874	wgs
0.22	0.984126908374	wgs
0.23	0.983940783728	wgs
0.24	0.983764203935	wgs
0.25	0.983563762009	wgs
0.26	0.983358547655	wgs
0.27	0.983119926314	wgs
0.28	0.982952891375	wgs
0.29	0.982733359741	wgs
0.30	0.982489965973	wgs
0.31	0.982260889485	wgs
0.32	0.982050902705	wgs
0.33	0.981845688351	wgs
0.34	0.981602294583	wgs
0.35	0.981392307802	wgs
0.36	0.981201410729	wgs
0.37	0.981015286083	wgs
0.38	0.980762347461	wgs
0.39	0.980442594864	wgs
0.40	0.98013238712	wgs
0.41	0.979898538206	wgs
0.42	0.979674234145	wgs
0.43	0.979311529706	wgs
0.44	0.978920190706	wgs
0.45	0.978509761999	wgs
0.46	0.978099333292	wgs
0.47	0.977645952743	wgs
0.48	0.977120985792	wgs
0.49	0.976610336122	wgs
0.50	0.975946968793	wgs
0.51	0.975250194476	wgs
0.52	0.974438881916	wgs
0.53	0.973565527807	wgs
0.54	0.972591952734	wgs
0.55	0.971489522137	wgs
0.56	0.970053021662	wgs
0.57	0.968454258675	wgs
0.58	0.966779136859	wgs
0.59	0.964779490018	wgs
0.60	0.96255076669	wgs
0.61	0.959925931936	wgs
0.62	0.956842944206	wgs
0.63	0.95340679689	wgs
0.64	0.94942182049	wgs
0.65	0.945107546639	wgs
0.66	0.940048774202	wgs
0.67	0.934584345486	wgs
0.68	0.92856154283	wgs
0.69	0.922261939419	wgs
0.70	0.915093754325	wgs
0.71	0.907095166963	wgs
0.72	0.898299584322	wgs
0.73	0.888783365229	wgs
0.74	0.8783890196	wgs
0.75	0.866629759899	wgs
0.76	0.85453643032	wgs
0.77	0.842104258436	wgs
0.78	0.82898485709	wgs
0.79	0.814958694646	wgs
0.80	0.800207123324	wgs
0.81	0.78476832254	wgs
0.82	0.767940745549	wgs
0.83	0.751561776679	wgs
0.84	0.734299908847	wgs
0.85	0.716556025905	wgs
0.86	0.698883729365	wgs
0.87	0.680290354448	wgs
0.88	0.66186401447	wgs
0.89	0.642927024821	wgs
0.90	0.623718006844	wgs
0.91	0.604962369414	wgs
0.92	0.586302180522	wgs
0.93	0.567756529873	wgs
0.94	0.549072478846	wgs
0.95	0.530474331502	wgs
0.96	0.511775963195	wgs
0.97	0.493869817741	wgs
0.98	0.47556756086	wgs
0.99	0.45768527754	wgs
1.00	0.439783904513	wgs
1.01	0.422641347352	wgs
1.02	0.405928308604	wgs
1.03	0.38949684304	wgs
1.04	0.373275364255	wgs
1.05	0.357378410496	wgs
1.06	0.341634174394	wgs
1.07	0.326147649341	wgs
1.08	0.311291084629	wgs
1.09	0.296697003393	wgs
1.10	0.282890372583	wgs
1.11	0.269016927798	wgs
1.12	0.255200752134	wgs
1.13	0.242105212922	wgs
1.14	0.229348516014	wgs
1.15	0.217059516935	wgs
1.16	0.20478006271	wgs
1.17	0.193163975813	wgs
1.18	0.181772192978	wgs
1.19	0.170771749142	wgs
1.20	0.160477624477	wgs
1.21	0.15042689358	wgs
1.22	0.140967943609	wgs
1.23	0.131384910541	wgs
1.24	0.123276557362	wgs
1.25	0.114891403428	wgs
1.26	0.106792595103	wgs
1.27	0.0989228632652	wgs
1.28	0.0915780983788	wgs
1.29	0.0850875978944	wgs
1.30	0.0784109727638	wgs
1.31	0.0720970520719	wgs
1.32	0.0661410633921	wgs
1.33	0.0605286894439	wgs
1.34	0.0554890067148	wgs
1.35	0.0506593107661	wgs
1.36	0.0464023060366	wgs
1.37	0.0423505156607	wgs
1.38	0.0384943947847	wgs
1.39	0.035015295628	wgs
1.40	0.0317032314102	wgs
1.41	0.0287300094971	wgs
1.42	0.0259429122303	wgs
1.43	0.0235232918291	wgs
1.44	0.0210702644402	wgs
1.45	0.0190563003193	wgs
1.46	0.0170996053203	wgs
1.47	0.0154674353455	wgs
1.48	0.0138543550781	wgs
1.49	0.0122937715057	wgs
1.50	0.0109384022869	wgs
1.51	0.00972620587295	wgs
1.52	0.00878603778808	wgs
1.53	0.00793654581291	wgs
1.54	0.00717295752063	wgs
1.55	0.00646186592344	wgs
1.56	0.005812815875	wgs
1.57	0.005206717668	wgs
1.58	0.0046722058634	wgs
1.59	0.00422359774169	wgs
1.60	0.00378930690045	wgs
1.61	0.00336456091287	wgs
1.62	0.00308298773009	wgs
1.63	0.00280141454731	wgs
1.64	0.00258188291328	wgs
1.65	0.00239098584021	wgs
1.66	0.0022287233281	wgs
1.67	0.00208077809647	wgs
1.68	0.00194715014532	wgs
1.69	0.00181352219417	wgs
1.70	0.00167989424302	wgs
1.71	0.00157490085283	wgs
1.72	0.0014794523163	wgs
1.73	0.00141741076755	wgs
1.74	0.00136968649928	wgs
1.75	0.00128855524323	wgs
1.76	0.00123605854813	wgs
1.77	0.00118833427986	wgs
1.78	0.00114538243842	wgs
1.79	0.00111197545064	wgs
1.80	0.00107856846285	wgs
1.81	0.00101175448727	wgs
1.82	0.00101175448727	wgs
1.83	0.00097357507266	wgs
1.84	0.000954485365353	wgs
1.85	0.000930623231219	wgs
1.86	0.000901988670259	wgs
1.87	0.000882898962952	wgs
1.88	0.000873354109298	wgs
1.89	0.000868581682471	wgs
1.90	0.000844719548338	wgs
1.91	0.000835174694684	wgs
1.92	0.00081131256055	wgs
1.93	0.000801767706897	wgs
1.94	0.000792222853243	wgs
1.95	0.000768360719109	wgs
1.96	0.000758815865456	wgs
1.97	0.000739726158149	wgs
1.98	0.000739726158149	wgs
1.99	0.000725408877668	wgs
2.00	0.000715864024015	wgs
2.01	0.000701546743535	wgs
2.02	0.000696774316708	wgs
2.03	0.000682457036227	wgs
2.04	0.000668139755747	wgs
2.05	0.000658594902094	wgs
2.06	0.000658594902094	wgs
2.07	0.00064905004844	wgs
2.08	0.000644277621613	wgs
2.09	0.000639505194787	wgs
2.10	0.000629960341133	wgs
2.11	0.000629960341133	wgs
2.12	0.000629960341133	wgs
2.13	0.000601325780172	wgs
2.14	0.000601325780172	wgs
2.15	0.000567918792385	wgs
2.16	0.000558373938732	wgs
2.17	0.000553601511905	wgs
2.18	0.000534511804598	wgs
2.19	0.000515422097291	wgs
2.20	0.000515422097291	wgs
2.21	0.000505877243637	wgs
2.22	0.00050110481681	wgs
2.23	0.000496332389984	wgs
2.24	0.000496332389984	wgs
2.25	0.00048678753633	wgs
2.26	0.000482015109503	wgs
2.27	0.000477242682677	wgs
2.28	0.000477242682677	wgs
2.29	0.00047247025585	wgs
2.30	0.000467697829023	wgs
2.31	0.000467697829023	wgs
2.32	0.000462925402196	wgs
2.33	0.000462925402196	wgs
2.34	0.00045815297537	wgs
2.35	0.000443835694889	wgs
2.36	0.000439063268062	wgs
2.37	0.000434290841236	wgs
2.38	0.000419973560755	wgs
2.39	0.000419973560755	wgs
2.40	0.000415201133929	wgs
2.41	0.000415201133929	wgs
2.42	0.000410428707102	wgs
2.43	0.000405656280275	wgs
2.44	0.000396111426622	wgs
2.45	0.000386566572968	wgs
2.46	0.000377021719314	wgs
2.47	0.000377021719314	wgs
2.48	0.000377021719314	wgs
2.49	0.000362704438834	wgs
2.50	0.000357932012007	wgs
2.51	0.000353159585181	wgs
2.52	0.000353159585181	wgs
2.53	0.0003388423047	wgs
2.54	0.000329297451047	wgs
2.55	0.00032452502422	wgs
2.56	0.00032452502422	wgs
2.57	0.000319752597393	wgs
2.58	0.000314980170567	wgs
2.59	0.00031020774374	wgs
2.60	0.000305435316913	wgs
2.61	0.000305435316913	wgs
2.62	0.000300662890086	wgs
2.63	0.000291118036433	wgs
2.64	0.000291118036433	wgs
2.65	0.000291118036433	wgs
2.66	0.000291118036433	wgs
2.67	0.000281573182779	wgs
2.68	0.000262483475472	wgs
2.69	0.000262483475472	wgs
2.70	0.000262483475472	wgs
2.71	0.000262483475472	wgs
2.72	0.000262483475472	wgs
2.73	0.000262483475472	wgs
2.74	0.000262483475472	wgs
2.75	0.000262483475472	wgs
2.76	0.000262483475472	wgs
2.77	0.000257711048645	wgs
2.78	0.000257711048645	wgs
2.79	0.000257711048645	wgs
2.80	0.000257711048645	wgs
2.81	0.000257711048645	wgs
2.82	0.000257711048645	wgs
2.83	0.000257711048645	wgs
2.84	0.000252938621819	wgs
2.85	0.000252938621819	wgs
2.86	0.000252938621819	wgs
2.87	0.000252938621819	wgs
2.88	0.000252938621819	wgs
2.89	0.000252938621819	wgs
2.90	0.000252938621819	wgs
2.91	0.000252938621819	wgs
2.92	0.000252938621819	wgs
2.93	0.000248166194992	wgs
2.94	0.000248166194992	wgs
2.95	0.000248166194992	wgs
2.96	0.000248166194992	wgs
2.97	0.000248166194992	wgs
2.98	0.000243393768165	wgs
2.99	0.000243393768165	wgs
3.00	0.0	wgs
0.00	0.9900733522	wgs
0.01	0.989619971652	wgs
0.02	0.989133184115	wgs
0.03	0.988775252103	wgs
0.04	0.988379140677	wgs
0.05	0.988030753518	wgs
0.06	0.987706228494	wgs
0.07	0.987448517446	wgs
0.08	0.987219440958	wgs
0.09	0.986947412629	wgs
0.10	0.986718336141	wgs
0.11	0.986517894214	wgs
0.12	0.986288817727	wgs
0.13	0.986035879105	wgs
0.14	0.985825892325	wgs
0.15	0.985582498556	wgs
0.16	0.985391601483	wgs
0.17	0.985191159557	wgs
0.18	0.984909586374	wgs
0.19	0.984699599593	wgs
0.20	0.98449438524	wgs
0.21	0.984322577874	wgs
0.22	0.98410304624	wgs
0.23	0.983883514606	wgs
0.24	0.983706934813	wgs
0.25	0.983506492887	wgs
0.26	0.983282188826	wgs
0.27	0.983139016021	wgs
0.28	0.982929029241	wgs
0.29	0.982709497607	wgs
0.30	0.982466103838	wgs
0.31	0.982294296473	wgs
0.32	0.982112944253	wgs
0.33	0.981902957473	wgs
0.34	0.981673880985	wgs
0.35	0.981463894205	wgs
0.36	0.981225272864	wgs
0.37	0.981029603364	wgs
0.38	0.980795754449	wgs
0.39	0.980580995242	wgs
0.40	0.980337601474	wgs
0.41	0.980036938584	wgs
0.42	0.979674234145	wgs
0.43	0.979292439999	wgs
0.44	0.978991777109	wgs
0.45	0.978614755389	wgs
0.46	0.97823773367	wgs
0.47	0.977736628853	wgs
0.48	0.977302338012	wgs
0.49	0.976729646793	wgs
0.50	0.976075824317	wgs
0.51	0.975321780879	wgs
0.52	0.974472288904	wgs
0.53	0.973670521197	wgs
0.54	0.972525138758	wgs
0.55	0.971279535357	wgs
0.56	0.970033931955	wgs
0.57	0.968516300224	wgs
0.58	0.966769592005	wgs
0.59	0.964722220897	wgs
0.60	0.962436228447	wgs
0.61	0.959835255826	wgs
0.62	0.956714088681	wgs
0.63	0.953149085842	wgs
0.64	0.949192744002	wgs
0.65	0.944916649565	wgs
0.66	0.939834014995	wgs
0.67	0.934379131132	wgs
0.68	0.928423142452	wgs
0.69	0.921622434224	wgs
0.70	0.914086772265	wgs
0.71	0.906236130135	wgs
0.72	0.897908245322	wgs
0.73	0.888549516315	wgs
0.74	0.878169487966	wgs
0.75	0.867097457728	wgs
0.76	0.855152073381	wgs
0.77	0.842037444461	wgs
0.78	0.828521931687	wgs
0.79	0.814476679536	wgs
0.80	0.800040088385	wgs
0.81	0.78497830932	wgs
0.82	0.768317767268	wgs
0.83	0.751790853167	wgs
0.84	0.734089922066	wgs
0.85	0.716837599088	wgs
0.86	0.698964860621	wgs
0.87	0.680357168424	wgs
0.88	0.661887876604	wgs
0.89	0.643747882236	wgs
0.90	0.624949292965	wgs
0.91	0.605539833061	wgs
0.92	0.585676992608	wgs
0.93	0.566935672459	wgs
0.94	0.54828502842	wgs
0.95	0.529371900905	wgs
0.96	0.51053513222	wgs
0.97	0.491798584498	wgs
0.98	0.474049929129	wgs
0.99	0.456224914931	wgs
1.00	0.439717090538	wgs
1.01	0.422631802498	wgs
1.02	0.405723094251	wgs
1.03	0.389053007345	wgs
1.04	0.37310355689	wgs
1.05	0.356743677728	wgs
1.06	0.341214200833	wgs
1.07	0.325832669171	wgs
1.08	0.311209953373	wgs
1.09	0.296372478369	wgs
1.10	0.28229381923	wgs
1.11	0.268429919298	wgs
1.12	0.255510959878	wgs
1.13	0.242405875812	wgs
1.14	0.229477371538	wgs
1.15	0.216582274252	wgs
1.16	0.2044937171	wgs
1.17	0.19286808535	wgs
1.18	0.181562206197	wgs
1.19	0.171220357264	wgs
1.20	0.160711473391	wgs
1.21	0.150632107933	wgs
1.22	0.141187475243	wgs
1.23	0.131991008748	wgs
1.24	0.122885218362	wgs
1.25	0.114395071038	wgs
1.26	0.106563518615	wgs
1.27	0.099094670631	wgs
1.28	0.0919121682567	wgs
1.29	0.0853405365162	wgs
1.30	0.0788404911782	wgs
1.31	0.0726267914497	wgs
1.32	0.0666087612212	wgs
1.33	0.0607911729193	wgs
1.34	0.0554890067148	wgs
1.35	0.0511556431561	wgs
1.36	0.0467172862072	wgs
1.37	0.04272753738	wgs
1.38	0.0388475543699	wgs
1.39	0.0353159585181	wgs
1.40	0.032065935849	wgs
1.41	0.0290402172409	wgs
1.42	0.0264296997666	wgs
1.43	0.0238430444265	wgs
1.44	0.0213709273303	wgs
1.45	0.0191708385631	wgs
1.46	0.0172332332715	wgs
1.47	0.0154626629187	wgs
1.48	0.0139688933219	wgs
1.49	0.0125944343958	wgs
1.50	0.011239065177	wgs
1.51	0.0101032275923	wgs
1.52	0.00903897640989	wgs
1.53	0.00811789803233	wgs
1.54	0.00729704061812	wgs
1.55	0.00653822475267	wgs
1.56	0.00585576771644	wgs
1.57	0.0053308007655	wgs
1.58	0.00482015109503	wgs
1.59	0.00431904627822	wgs
1.60	0.0039754315467	wgs
1.61	0.00354114070546	wgs
1.62	0.00323570538855	wgs
1.63	0.0029064079375	wgs
1.64	0.0026391520352	wgs
1.65	0.00243871010848	wgs
1.66	0.0022287233281	wgs
1.67	0.00211418508426	wgs
1.68	0.00200441926724	wgs
1.69	0.00187556374292	wgs
1.70	0.0017467082186	wgs
1.71	0.00166080453571	wgs
1.72	0.00154626629187	wgs
1.73	0.0014794523163	wgs
1.74	0.00143172804803	wgs
1.75	0.00137445892611	wgs
1.76	0.00130764495053	wgs
1.77	0.00124560340179	wgs
1.78	0.00120742398717	wgs
1.79	0.00118356185304	wgs
1.80	0.00112629273112	wgs
1.81	0.00110243059698	wgs
1.82	0.00108334088968	wgs
1.83	0.00105470632872	wgs
1.84	0.00102129934093	wgs
1.85	0.00101175448727	wgs
1.86	0.00098789235314	wgs
1.87	0.000930623231219	wgs
1.88	0.000916305950739	wgs
1.89	0.000892443816605	wgs
1.90	0.000859036828818	wgs
1.91	0.000839947121511	wgs
1.92	0.000820857414204	wgs
1.93	0.000820857414204	wgs
1.94	0.00078267799959	wgs
1.95	0.00078267799959	wgs
1.96	0.000768360719109	wgs
1.97	0.000763588292283	wgs
1.98	0.000754043438629	wgs
1.99	0.000739726158149	wgs
2.00	0.000725408877668	wgs
2.01	0.000720636450842	wgs
2.02	0.000711091597188	wgs
2.03	0.000701546743535	wgs
2.04	0.000692001889881	wgs
2.05	0.000682457036227	wgs
2.06	0.000668139755747	wgs
2.07	0.000653822475267	wgs
2.08	0.000639505194787	wgs
2.09	0.000629960341133	wgs
2.10	0.00062041548748	wgs
2.11	0.000615643060653	wgs
2.12	0.000596553353346	wgs
2.13	0.000572691219212	wgs
2.14	0.000567918792385	wgs
2.15	0.000563146365558	wgs
2.16	0.000544056658251	wgs
2.17	0.000524966950944	wgs
2.18	0.000515422097291	wgs
2.19	0.00050110481681	wgs
2.20	0.00050110481681	wgs
2.21	0.00048678753633	wgs
2.22	0.00048678753633	wgs
2.23	0.000477242682677	wgs
2.24	0.00047247025585	wgs
2.25	0.000467697829023	wgs
2.26	0.00045815297537	wgs
2.27	0.000453380548543	wgs
2.28	0.000448608121716	wgs
2.29	0.000434290841236	wgs
2.30	0.000429518414409	wgs
2.31	0.000424745987582	wgs
2.32	0.000424745987582	wgs
2.33	0.000410428707102	wgs
2.34	0.000405656280275	wgs
2.35	0.000400883853448	wgs
2.36	0.000400883853448	wgs
2.37	0.000400883853448	wgs
2.38	0.000400883853448	wgs
2.39	0.000396111426622	wgs
2.40	0.000386566572968	wgs
2.41	0.000377021719314	wgs
2.42	0.000367476865661	wgs
2.43	0.000367476865661	wgs
2.44	0.000362704438834	wgs
2.45	0.000357932012007	wgs
2.46	0.000348387158354	wgs
2.47	0.000348387158354	wgs
2.48	0.000343614731527	wgs
2.49	0.000343614731527	wgs
2.50	0.0003388423047	wgs
2.51	0.0003388423047	wgs
2.52	0.0003388423047	wgs
2.53	0.0003388423047	wgs
2.54	0.000334069877874	wgs
2.55	0.00032452502422	wgs
2.56	0.00032452502422	wgs
2.57	0.00032452502422	wgs
2.58	0.00032452502422	wgs
2.59	0.00032452502422	wgs
2.60	0.000319752597393	wgs
2.61	0.00031020774374	wgs
2.62	0.00031020774374	wgs
2.63	0.00031020774374	wgs
2.64	0.000305435316913	wgs
2.65	0.000300662890086	wgs
2.66	0.000291118036433	wgs
2.67	0.000281573182779	wgs
2.68	0.000281573182779	wgs
2.69	0.000276800755952	wgs
2.70	0.000272028329126	wgs
2.71	0.000272028329126	wgs
2.72	0.000262483475472	wgs
2.73	0.000262483475472	wgs
2.74	0.000262483475472	wgs
2.75	0.000262483475472	wgs
2.76	0.000262483475472	wgs
2.77	0.000257711048645	wgs
2.78	0.000257711048645	wgs
2.79	0.000257711048645	wgs
2.80	0.000257711048645	wgs
2.81	0.000252938621819	wgs
2.82	0.000248166194992	wgs
2.83	0.000248166194992	wgs
2.84	0.000248166194992	wgs
2.85	0.000248166194992	wgs
2.86	0.000248166194992	wgs
2.87	0.000248166194992	wgs
2.88	0.000248166194992	wgs
2.89	0.000248166194992	wgs
2.90	0.000248166194992	wgs
2.91	0.000243393768165	wgs
2.92	0.000243393768165	wgs
2.93	0.000243393768165	wgs
2.94	0.000243393768165	wgs
2.95	0.000243393768165	wgs
2.96	0.000243393768165	wgs
2.97	0.000243393768165	wgs
2.98	0.000243393768165	wgs
2.99	0.000243393768165	wgs
3.00	0.0	wgs
0.00	0.990130621322	wgs
0.01	0.98965337864	wgs
0.02	0.989109321981	wgs
0.03	0.98876570725	wgs
0.04	0.988340961262	wgs
0.05	0.987959167116	wgs
0.06	0.987687138787	wgs
0.07	0.987415110458	wgs
0.08	0.987195578824	wgs
0.09	0.986985592043	wgs
0.10	0.986727880995	wgs
0.11	0.986465397519	wgs
0.12	0.98619336919	wgs
0.13	0.98599769969	wgs
0.14	0.985778168056	wgs
0.15	0.985549091569	wgs
0.16	0.985324787508	wgs
0.17	0.985100483447	wgs
0.18	0.984919131227	wgs
0.19	0.98470437202	wgs
0.20	0.984470523106	wgs
0.21	0.984317805447	wgs
0.22	0.984074411679	wgs
0.23	0.983854880045	wgs
0.24	0.983683072679	wgs
0.25	0.983473085899	wgs
0.26	0.983244009411	wgs
0.27	0.983100836606	wgs
0.28	0.982890849826	wgs
0.29	0.982685635472	wgs
0.30	0.982480421119	wgs
0.31	0.982289524046	wgs
0.32	0.982146351241	wgs
0.33	0.981936364461	wgs
0.34	0.98172637768	wgs
0.35	0.9815163909	wgs
0.36	0.981225272864	wgs
0.37	0.980981879095	wgs
0.38	0.980700305913	wgs
0.39	0.980471229425	wgs
0.40	0.980208745949	wgs
0.41	0.979927172767	wgs
0.42	0.979616965023	wgs
0.43	0.979287667572	wgs
0.44	0.97892973556	wgs
0.45	0.978481127438	wgs
0.46	0.978075471158	wgs
0.47	0.97765072517	wgs
0.48	0.977097123658	wgs
0.49	0.976495797878	wgs
0.50	0.975956513647	wgs
0.51	0.97525973933	wgs
0.52	0.974534330452	wgs
0.53	0.973536893246	wgs
0.54	0.972396283234	wgs
0.55	0.971179314393	wgs
0.56	0.96990507643	wgs
0.57	0.968330175578	wgs
0.58	0.966359163298	wgs
0.59	0.964421558006	wgs
0.60	0.962001937605	wgs
0.61	0.959429599546	wgs
0.62	0.956351384242	wgs
0.63	0.9529104645	wgs
0.64	0.948968439941	wgs
0.65	0.944606441822	wgs
0.66	0.939523807251	wgs
0.67	0.93432186201	wgs
0.68	0.928418370025	wgs
0.69	0.921569937529	wgs
0.70	0.914659463484	wgs
0.71	0.906870862902	wgs
0.72	0.898003693858	wgs
0.73	0.888172494595	wgs
0.74	0.87807403943	wgs
0.75	0.867484024301	wgs
0.76	0.855686585185	wgs
0.77	0.843120785351	wgs
0.78	0.829576638016	wgs
0.79	0.815746145072	wgs
0.80	0.800541193202	wgs
0.81	0.785302834344	wgs
0.82	0.769219755938	wgs
0.83	0.752163102459	wgs
0.84	0.735306890907	wgs
0.85	0.717415062734	wgs
0.86	0.700134105194	wgs
0.87	0.681679130655	wgs
0.88	0.662808954982	wgs
0.89	0.643814696211	wgs
0.90	0.625369266526	wgs
0.91	0.606398869889	wgs
0.92	0.587461880241	wgs
0.93	0.56864897369	wgs
0.94	0.54948767998	wgs
0.95	0.530230937734	wgs
0.96	0.512272295585	wgs
0.97	0.49393185929	wgs
0.98	0.475486429604	wgs
0.99	0.45786662976	wgs
1.00	0.440117974391	wgs
1.01	0.422961099949	wgs
1.02	0.405427203787	wgs
1.03	0.388995738223	wgs
1.04	0.372631086634	wgs
1.05	0.356681636179	wgs
1.06	0.341118752297	wgs
1.07	0.325951979841	wgs
1.08	0.311405622873	wgs
1.09	0.296973804149	wgs
1.10	0.282942869278	wgs
1.11	0.268931024115	wgs
1.12	0.255654132683	wgs
1.13	0.242587228031	wgs
1.14	0.22994029694	wgs
1.15	0.217751518825	wgs
1.16	0.205562740709	wgs
1.17	0.193851205276	wgs
1.18	0.182063311014	wgs
1.19	0.171401709483	wgs
1.20	0.160511031465	wgs
1.21	0.150651197641	wgs
1.22	0.140715004987	wgs
1.23	0.131847835943	wgs
1.24	0.122875673509	wgs
1.25	0.114285305221	wgs
1.26	0.106258083298	wgs
1.27	0.0984265308752	wgs
1.28	0.0908717792084	wgs
1.29	0.0835986007245	wgs
1.30	0.0773801285692	wgs
1.31	0.0709421247799	wgs
1.32	0.0652152125878	wgs
1.33	0.0597794184321	wgs
1.34	0.0543865761178	wgs
1.35	0.0498384533519	wgs
1.36	0.0451328405007	wgs
1.37	0.0410810501248	wgs
1.38	0.0373442399194	wgs
1.39	0.0339939962871	wgs
1.40	0.0307821530326	wgs
1.41	0.0279282417902	wgs
1.42	0.0251984136453	wgs
1.43	0.0227931105246	wgs
1.44	0.0206359735989	wgs
1.45	0.0185170160879	wgs
1.46	0.0167941700034	wgs
1.47	0.0150570066384	wgs
1.48	0.0135011954929	wgs
1.49	0.0119787913352	wgs
1.50	0.0107665949212	wgs
1.51	0.00971666101929	wgs
1.52	0.0087717205076	wgs
1.53	0.00793654581291	wgs
1.54	0.00711091597188	wgs
1.55	0.00646663835027	wgs
1.56	0.00584145043596	wgs
1.57	0.00528784892406	wgs
1.58	0.00481537866821	wgs
1.59	0.00435245326601	wgs
1.60	0.00396588669304	wgs
1.61	0.00357932012007	wgs
1.62	0.00324047781537	wgs
1.63	0.00289686308385	wgs
1.64	0.00268210387664	wgs
1.65	0.00250552408405	wgs
1.66	0.00230508215733	wgs
1.67	0.00214281964522	wgs
1.68	0.00203782625503	wgs
1.69	0.00189942587705	wgs
1.70	0.00177534277956	wgs
1.71	0.00166557696254	wgs
1.72	0.00157012842601	wgs
1.73	0.00146513503582	wgs
1.74	0.00141263834072	wgs
1.75	0.00133627951149	wgs
1.76	0.00125992068227	wgs
1.77	0.00120742398717	wgs
1.78	0.00118356185304	wgs
1.79	0.00115015486525	wgs
1.80	0.00110720302381	wgs
1.81	0.00104993390189	wgs
1.82	0.00101175448727	wgs
1.83	0.00100698206045	wgs
1.84	0.000983119926314	wgs
1.85	0.00095925779218	wgs
1.86	0.000930623231219	wgs
1.87	0.000911533523912	wgs
1.88	0.000892443816605	wgs
1.89	0.000878126536125	wgs
1.90	0.000854264401991	wgs
1.91	0.000839947121511	wgs
1.92	0.000839947121511	wgs
1.93	0.000835174694684	wgs
1.94	0.000792222853243	wgs
1.95	0.000773133145936	wgs
1.96	0.000773133145936	wgs
1.97	0.000749271011802	wgs
1.98	0.000739726158149	wgs
1.99	0.000730181304495	wgs
2.00	0.000720636450842	wgs
2.01	0.000711091597188	wgs
2.02	0.000701546743535	wgs
2.03	0.000682457036227	wgs
2.04	0.000672912182574	wgs
2.05	0.00066336732892	wgs
2.06	0.000653822475267	wgs
2.07	0.00063473276796	wgs
2.08	0.00063473276796	wgs
2.09	0.000615643060653	wgs
2.10	0.000606098206999	wgs
2.11	0.000587008499692	wgs
2.12	0.000582236072865	wgs
2.13	0.000563146365558	wgs
2.14	0.000563146365558	wgs
2.15	0.000553601511905	wgs
2.16	0.000539284231425	wgs
2.17	0.000539284231425	wgs
2.18	0.000529739377771	wgs
2.19	0.000515422097291	wgs
2.20	0.000505877243637	wgs
2.21	0.000496332389984	wgs
2.22	0.00048678753633	wgs
2.23	0.000477242682677	wgs
2.24	0.000477242682677	wgs
2.25	0.000467697829023	wgs
2.26	0.000467697829023	wgs
2.27	0.000462925402196	wgs
2.28	0.000453380548543	wgs
2.29	0.000448608121716	wgs
2.30	0.000443835694889	wgs
2.31	0.000434290841236	wgs
2.32	0.000429518414409	wgs
2.33	0.000424745987582	wgs
2.34	0.000415201133929	wgs
2.35	0.000410428707102	wgs
2.36	0.000400883853448	wgs
2.37	0.000396111426622	wgs
2.38	0.000391338999795	wgs
2.39	0.000391338999795	wgs
2.40	0.000391338999795	wgs
2.41	0.000391338999795	wgs
2.42	0.000377021719314	wgs
2.43	0.000377021719314	wgs
2.44	0.000377021719314	wgs
2.45	0.000377021719314	wgs
2.46	0.000367476865661	wgs
2.47	0.000353159585181	wgs
2.48	0.000348387158354	wgs
2.49	0.000343614731527	wgs
2.50	0.0003388423047	wgs
2.51	0.0003388423047	wgs
2.52	0.000334069877874	wgs
2.53	0.000329297451047	wgs
2.54	0.000329297451047	wgs
2.55	0.00032452502422	wgs
2.56	0.000314980170567	wgs
2.57	0.000314980170567	wgs
2.58	0.00031020774374	wgs
2.59	0.000305435316913	wgs
2.60	0.000300662890086	wgs
2.61	0.000300662890086	wgs
2.62	0.000295890463259	wgs
2.63	0.000295890463259	wgs
2.64	0.000291118036433	wgs
2.65	0.000291118036433	wgs
2.66	0.000291118036433	wgs
2.67	0.000286345609606	wgs
2.68	0.000281573182779	wgs
2.69	0.000276800755952	wgs
2.70	0.000267255902299	wgs
2.71	0.000267255902299	wgs
2.72	0.000267255902299	wgs
2.73	0.000262483475472	wgs
2.74	0.000262483475472	wgs
2.75	0.000262483475472	wgs
2.76	0.000262483475472	wgs
2.77	0.000262483475472	wgs
2.78	0.000262483475472	wgs
2.79	0.000262483475472	wgs
2.80	0.000257711048645	wgs
2.81	0.000252938621819	wgs
2.82	0.000252938621819	wgs
2.83	0.000248166194992	wgs
2.84	0.000248166194992	wgs
2.85	0.000248166194992	wgs
2.86	0.000248166194992	wgs
2.87	0.000248166194992	wgs
2.88	0.000243393768165	wgs
2.89	0.000243393768165	wgs
2.90	0.000243393768165	wgs
2.91	0.000243393768165	wgs
2.92	0.000243393768165	wgs
2.93	0.000243393768165	wgs
2.94	0.000243393768165	wgs
2.95	0.000243393768165	wgs
2.96	0.000243393768165	wgs
2.97	0.000243393768165	wgs
2.98	0.000243393768165	wgs
2.99	0.000243393768165	wgs
3.00	0.0	wgs
0.00	0.99135236259	wgs
0.01	0.990760581663	wgs
0.02	0.990240387139	wgs
0.03	0.98986336542	wgs
0.04	0.989557930103	wgs
0.05	0.98926203964	wgs
0.06	0.988994783737	wgs
0.07	0.988655941433	wgs
0.08	0.988379140677	wgs
0.09	0.988102339921	wgs
0.10	0.987820766738	wgs
0.11	0.987515331421	wgs
0.12	0.987267165226	wgs
0.13	0.987071495726	wgs
0.14	0.986804239824	wgs
0.15	0.986579935763	wgs
0.16	0.98638903869	wgs
0.17	0.986169507056	wgs
0.18	0.986002472117	wgs
0.19	0.985844982032	wgs
0.20	0.98560636069	wgs
0.21	0.985463187886	wgs
0.22	0.985281835666	wgs
0.23	0.985067076459	wgs
0.24	0.984880951813	wgs
0.25	0.984570744069	wgs
0.26	0.984274853606	wgs
0.27	0.983921694021	wgs
0.28	0.983558989582	wgs
0.29	0.983263099119	wgs
0.30	0.98280971857	wgs
0.31	0.98232770346	wgs
0.32	0.981778874375	wgs
0.33	0.981268224705	wgs
0.34	0.980681216205	wgs
0.35	0.979993986742	wgs
0.36	0.979254260584	wgs
0.37	0.978390451328	wgs
0.38	0.977397786548	wgs
0.39	0.976261948964	wgs
0.40	0.975159518367	wgs
0.41	0.974085722331	wgs
0.42	0.972806711941	wgs
0.43	0.971537246405	wgs
0.44	0.970267780869	wgs
0.45	0.968774011272	wgs
0.46	0.967208655273	wgs
0.47	0.965643299274	wgs
0.48	0.963996812019	wgs
0.49	0.962417138739	wgs
0.50	0.960885189728	wgs
0.51	0.959157571217	wgs
0.52	0.957253372913	wgs
0.53	0.95539212645	wgs
0.54	0.953449748732	wgs
0.55	0.951431012184	wgs
0.56	0.949283420112	wgs
0.57	0.946911523979	wgs
0.58	0.944472813871	wgs
0.59	0.941790709994	wgs
0.60	0.939113378544	wgs
0.61	0.936197425753	wgs
0.62	0.932813775133	wgs
0.63	0.929329903549	wgs
0.64	0.925526279368	wgs
0.65	0.921379040456	wgs
0.66	0.916587523922	wgs
0.67	0.911170819473	wgs
0.68	0.905725480464	wgs
0.69	0.89944496676	wgs
0.70	0.892921059288	wgs
0.71	0.885719467206	wgs
0.72	0.877649293442	wgs
0.73	0.869063697581	wgs
0.74	0.859432940244	wgs
0.75	0.849554016713	wgs
0.76	0.839102401962	wgs
0.77	0.827228604017	wgs
0.78	0.815049370756	wgs
0.79	0.802268811713	wgs
0.80	0.788777161074	wgs
0.81	0.775099385789	wgs
0.82	0.760032834297	wgs
0.83	0.744708571756	wgs
0.84	0.728969108081	wgs
0.85	0.712571049504	wgs
0.86	0.696168218501	wgs
0.87	0.678328887022	wgs
0.88	0.661100426178	wgs
0.89	0.643327908675	wgs
0.90	0.625488577196	wgs
0.91	0.607367672535	wgs
0.92	0.589165636618	wgs
0.93	0.571068594091	wgs
0.94	0.552456129466	wgs
0.95	0.534468852756	wgs
0.96	0.516457713912	wgs
0.97	0.498756782812	wgs
0.98	0.481366059455	wgs
0.99	0.463774894171	wgs
1.00	0.446890048058	wgs
1.01	0.429881118848	wgs
1.02	0.413392384161	wgs
1.03	0.396674572987	wgs
1.04	0.38075852952	wgs
1.05	0.365501080955	wgs
1.06	0.350334308499	wgs
1.07	0.3354443368	wgs
1.08	0.320816848576	wgs
1.09	0.306241857047	wgs
1.10	0.292311143139	wgs
1.11	0.278614278147	wgs
1.12	0.265165579349	wgs
1.13	0.251998453734	wgs
1.14	0.23937061235	wgs
1.15	0.226570963601	wgs
1.16	0.214386957912	wgs
1.17	0.202785188296	wgs
1.18	0.191660661363	wgs
1.19	0.181042011673	wgs
1.20	0.169884077752	wgs
1.21	0.159842891709	wgs
1.22	0.149696712275	wgs
1.23	0.139860740585	wgs
1.24	0.130745405346	wgs
1.25	0.122221851033	wgs
1.26	0.113736476135	wgs
1.27	0.105666302371	wgs
1.28	0.0981258679851	wgs
1.29	0.0910722211352	wgs
1.30	0.0841856092241	wgs
1.31	0.0777046535934	wgs
1.32	0.0714002777552	wgs
1.33	0.0658404005021	wgs
1.34	0.0607864004925	wgs
1.35	0.0555462758367	wgs
1.36	0.0508215732782	wgs
1.37	0.0463020850733	wgs
1.38	0.0422550671242	wgs
1.39	0.0387473334065	wgs
1.40	0.035153696006	wgs
1.41	0.0319179906174	wgs
1.42	0.0289924929726	wgs
1.43	0.0260908574619	wgs
1.44	0.0237285061827	wgs
1.45	0.021294568501	wgs
1.46	0.019256742246	wgs
1.47	0.0172857299665	wgs
1.48	0.0155199320406	wgs
1.49	0.014078659139	wgs
1.50	0.0126421586641	wgs
1.51	0.0112629273112	wgs
1.52	0.0101366345801	wgs
1.53	0.00917737678787	wgs
1.54	0.00832788481271	wgs
1.55	0.00752134467898	wgs
1.56	0.00684843249641	wgs
1.57	0.00618506516749	wgs
1.58	0.00571259491164	wgs
1.59	0.00512081398512	wgs
1.60	0.00459584703418	wgs
1.61	0.00414246648563	wgs
1.62	0.00373681020536	wgs
1.63	0.00346955430306	wgs
1.64	0.00318320869345	wgs
1.65	0.00295413220577	wgs
1.66	0.0027632351327	wgs
1.67	0.00258188291328	wgs
1.68	0.0023718961329	wgs
1.69	0.00220963362079	wgs
1.70	0.00203782625503	wgs
1.71	0.00191851558436	wgs
1.72	0.00179920491369	wgs
1.73	0.00171807365764	wgs
1.74	0.00161308026745	wgs
1.75	0.00154149386505	wgs
1.76	0.00149376959678	wgs
1.77	0.00143650047486	wgs
1.78	0.00141263834072	wgs
1.79	0.00136014164563	wgs
1.80	0.00133150708467	wgs
1.81	0.00131241737736	wgs
1.82	0.00126469310909	wgs
1.83	0.00123605854813	wgs
1.84	0.00119310670669	wgs
1.85	0.0011596997189	wgs
1.86	0.00113583758477	wgs
1.87	0.00112152030429	wgs
1.88	0.00110243059698	wgs
1.89	0.0010881133165	wgs
1.90	0.00107379603602	wgs
1.91	0.00105947875554	wgs
1.92	0.00105470632872	wgs
1.93	0.00103084419458	wgs
1.94	0.000992664779967	wgs
1.95	0.000968802645833	wgs
1.96	0.000925850804393	wgs
1.97	0.000911533523912	wgs
1.98	0.000882898962952	wgs
1.99	0.000863809255645	wgs
2.00	0.000849491975164	wgs
2.01	0.000835174694684	wgs
2.02	0.00082562984103	wgs
2.03	0.000820857414204	wgs
2.04	0.000816084987377	wgs
2.05	0.000806540133723	wgs
2.06	0.000801767706897	wgs
2.07	0.000773133145936	wgs
2.08	0.000773133145936	wgs
2.09	0.000758815865456	wgs
2.10	0.000754043438629	wgs
2.11	0.000744498584975	wgs
2.12	0.000744498584975	wgs
2.13	0.000734953731322	wgs
2.14	0.000701546743535	wgs
2.15	0.000682457036227	wgs
2.16	0.000672912182574	wgs
2.17	0.000672912182574	wgs
2.18	0.000668139755747	wgs
2.19	0.00066336732892	wgs
2.20	0.00066336732892	wgs
2.21	0.000658594902094	wgs
2.22	0.000653822475267	wgs
2.23	0.00064905004844	wgs
2.24	0.000639505194787	wgs
2.25	0.000629960341133	wgs
2.26	0.000615643060653	wgs
2.27	0.000606098206999	wgs
2.28	0.000596553353346	wgs
2.29	0.000591780926519	wgs
2.30	0.000587008499692	wgs
2.31	0.000582236072865	wgs
2.32	0.000567918792385	wgs
2.33	0.000563146365558	wgs
2.34	0.000558373938732	wgs
2.35	0.000553601511905	wgs
2.36	0.000548829085078	wgs
2.37	0.000544056658251	wgs
2.38	0.000534511804598	wgs
2.39	0.000524966950944	wgs
2.40	0.000515422097291	wgs
2.41	0.000496332389984	wgs
2.42	0.00048678753633	wgs
2.43	0.00048678753633	wgs
2.44	0.00048678753633	wgs
2.45	0.000477242682677	wgs
2.46	0.000477242682677	wgs
2.47	0.00047247025585	wgs
2.48	0.00047247025585	wgs
2.49	0.00047247025585	wgs
2.50	0.000467697829023	wgs
2.51	0.00045815297537	wgs
2.52	0.00045815297537	wgs
2.53	0.000453380548543	wgs
2.54	0.000448608121716	wgs
2.55	0.000448608121716	wgs
2.56	0.000448608121716	wgs
2.57	0.000443835694889	wgs
2.58	0.000439063268062	wgs
2.59	0.000434290841236	wgs
2.60	0.000434290841236	wgs
2.61	0.000424745987582	wgs
2.62	0.000419973560755	wgs
2.63	0.000415201133929	wgs
2.64	0.000410428707102	wgs
2.65	0.000410428707102	wgs
2.66	0.000405656280275	wgs
2.67	0.000405656280275	wgs
2.68	0.000400883853448	wgs
2.69	0.000391338999795	wgs
2.70	0.000381794146141	wgs
2.71	0.000381794146141	wgs
2.72	0.000381794146141	wgs
2.73	0.000377021719314	wgs
2.74	0.000372249292488	wgs
2.75	0.000357932012007	wgs
2.76	0.000357932012007	wgs
2.77	0.000357932012007	wgs
2.78	0.000357932012007	wgs
2.79	0.000348387158354	wgs
2.80	0.000348387158354	wgs
2.81	0.000343614731527	wgs
2.82	0.000343614731527	wgs
2.83	0.000343614731527	wgs
2.84	0.000343614731527	wgs
2.85	0.000343614731527	wgs
2.86	0.0003388423047	wgs
2.87	0.0003388423047	wgs
2.88	0.000329297451047	wgs
2.89	0.000329297451047	wgs
2.90	0.000329297451047	wgs
2.91	0.000329297451047	wgs
2.92	0.00032452502422	wgs
2.93	0.000319752597393	wgs
2.94	0.000314980170567	wgs
2.95	0.000314980170567	wgs
2.96	0.000314980170567	wgs
2.97	0.000314980170567	wgs
2.98	0.000314980170567	wgs
2.99	0.00031020774374	wgs
3.00	0.0	wgs
0.00	0.991271231334	wgs
0.01	0.990860802627	wgs
0.02	0.990340608103	wgs
0.03	0.990001765798	wgs
0.04	0.989672468347	wgs
0.05	0.989309763908	wgs
0.06	0.988970921603	wgs
0.07	0.988703665701	wgs
0.08	0.988450727079	wgs
0.09	0.988126202055	wgs
0.10	0.987830311592	wgs
0.11	0.987558283263	wgs
0.12	0.987262392799	wgs
0.13	0.987052406019	wgs
0.14	0.98679469497	wgs
0.15	0.986556073629	wgs
0.16	0.986312679861	wgs
0.17	0.986083603373	wgs
0.18	0.985821119898	wgs
0.19	0.985596815837	wgs
0.20	0.985324787508	wgs
0.21	0.985038441898	wgs
0.22	0.984804592984	wgs
0.23	0.984546881935	wgs
0.24	0.984246219045	wgs
0.25	0.983931238874	wgs
0.26	0.983616258704	wgs
0.27	0.983210602423	wgs
0.28	0.982871760119	wgs
0.29	0.982423151997	wgs
0.30	0.981984088729	wgs
0.31	0.981449576924	wgs
0.32	0.980900747839	wgs
0.33	0.980156249254	wgs
0.34	0.979473792218	wgs
0.35	0.978605210536	wgs
0.36	0.977779580695	wgs
0.37	0.976772598634	wgs
0.38	0.975775161427	wgs
0.39	0.974601144428	wgs
0.40	0.973513031111	wgs
0.41	0.972329469258	wgs
0.42	0.971131590125	wgs
0.43	0.969738041491	wgs
0.44	0.968229954614	wgs
0.45	0.966769592005	wgs
0.46	0.965304456969	wgs
0.47	0.963657969714	wgs
0.48	0.961791950825	wgs
0.49	0.960197960265	wgs
0.50	0.958436934766	wgs
0.51	0.956399108511	wgs
0.52	0.954232426731	wgs
0.53	0.951841440891	wgs
0.54	0.949650896978	wgs
0.55	0.947197869589	wgs
0.56	0.944358275627	wgs
0.57	0.941365964006	wgs
0.58	0.938278203849	wgs
0.59	0.934904098083	wgs
0.60	0.931119563609	wgs
0.61	0.926910283148	wgs
0.62	0.922195125443	wgs
0.63	0.917308160373	wgs
0.64	0.912220753375	wgs
0.65	0.906670420976	wgs
0.66	0.900261051747	wgs
0.67	0.893694192434	wgs
0.68	0.886502145206	wgs
0.69	0.878808993161	wgs
0.70	0.87102039258	wgs
0.71	0.862420479438	wgs
0.72	0.852713363272	wgs
0.73	0.842886936436	wgs
0.74	0.832282604027	wgs
0.75	0.820671289557	wgs
0.76	0.808601822113	wgs
0.77	0.796136243241	wgs
0.78	0.782916620931	wgs
0.79	0.769725633182	wgs
0.80	0.756033540616	wgs
0.81	0.74216009583	wgs
0.82	0.727661463131	wgs
0.83	0.712704677456	wgs
0.84	0.697127476293	wgs
0.85	0.681812758606	wgs
0.86	0.666359640541	wgs
0.87	0.650491321342	wgs
0.88	0.63443210507	wgs
0.89	0.617719066322	wgs
0.90	0.602103685745	wgs
0.91	0.585490867961	wgs
0.92	0.569488920811	wgs
0.93	0.55375900199	wgs
0.94	0.538153166267	wgs
0.95	0.522757317323	wgs
0.96	0.506951039673	wgs
0.97	0.491536101023	wgs
0.98	0.476493411665	wgs
0.99	0.461832516453	wgs
1.00	0.447061855424	wgs
1.01	0.432711167956	wgs
1.02	0.418532287854	wgs
1.03	0.404782926166	wgs
1.04	0.390861757112	wgs
1.05	0.37747987229	wgs
1.06	0.363553930809	wgs
1.07	0.351007220682	wgs
1.08	0.338484372688	wgs
1.09	0.326243097878	wgs
1.10	0.313963643652	wgs
1.11	0.301512382061	wgs
1.12	0.290173095921	wgs
1.13	0.278361339525	wgs
1.14	0.266721390494	wgs
1.15	0.25597388528	wgs
1.16	0.245154793664	wgs
1.17	0.234851124145	wgs
1.18	0.224113163785	wgs
1.19	0.214105384729	wgs
1.20	0.204145329942	wgs
1.21	0.194724559386	wgs
1.22	0.185308561256	wgs
1.23	0.175925970115	wgs
1.24	0.166886993705	wgs
1.25	0.158339577258	wgs
1.26	0.149868519641	wgs
1.27	0.141869932279	wgs
1.28	0.134038379857	wgs
1.29	0.126206827434	wgs
1.30	0.118661620621	wgs
1.31	0.111307310881	wgs
1.32	0.104983845335	wgs
1.33	0.0983788066069	wgs
1.34	0.0921316998907	wgs
1.35	0.0859609520037	wgs
1.36	0.0803533504823	wgs
1.37	0.0749986875826	wgs
1.38	0.070001956695	wgs
1.39	0.0651102191976	wgs
1.40	0.0603187026635	wgs
1.41	0.055732400483	wgs
1.42	0.0517474240826	wgs
1.43	0.0479247101944	wgs
1.44	0.0443883419157	wgs
1.45	0.0412576299174	wgs
1.46	0.0379932899679	wgs
1.47	0.0348196261281	wgs
1.48	0.031817769654	wgs
1.49	0.0293027007163	wgs
1.50	0.0267446799372	wgs
1.51	0.0246925364017	wgs
1.52	0.022783565671	wgs
1.53	0.0207648291233	wgs
1.54	0.0189513069291	wgs
1.55	0.0173620887958	wgs
1.56	0.0157537809552	wgs
1.57	0.0143077356266	wgs
1.58	0.0130955392126	wgs
1.59	0.0119215222133	wgs
1.60	0.0108954504455	wgs
1.61	0.00988846838506	wgs
1.62	0.0090580661172	wgs
1.63	0.00820857414204	wgs
1.64	0.00748316526437	wgs
1.65	0.00694388103294	wgs
1.66	0.00621847215528	wgs
1.67	0.00569827763116	wgs
1.68	0.00513990369243	wgs
1.69	0.00465788858292	wgs
1.70	0.00424268744899	wgs
1.71	0.00388475543699	wgs
1.72	0.00351727857133	wgs
1.73	0.00328342965681	wgs
1.74	0.00296367705942	wgs
1.75	0.00278232484	wgs
1.76	0.00260574504741	wgs
1.77	0.00239098584021	wgs
1.78	0.00220486119397	wgs
1.79	0.00204737110868	wgs
1.80	0.00193760529167	wgs
1.81	0.00178966006004	wgs
1.82	0.00165125968206	wgs
1.83	0.00158921813331	wgs
1.84	0.00153194901139	wgs
1.85	0.00146990746264	wgs
1.86	0.00139354863342	wgs
1.87	0.00131718980419	wgs
1.88	0.00127901038957	wgs
1.89	0.00120742398717	wgs
1.90	0.00116924457256	wgs
1.91	0.00114538243842	wgs
1.92	0.00111197545064	wgs
1.93	0.00107379603602	wgs
1.94	0.00103561662141	wgs
1.95	0.00100698206045	wgs
1.96	0.000978347499487	wgs
1.97	0.00095925779218	wgs
1.98	0.000954485365353	wgs
1.99	0.000935395658046	wgs
2.00	0.000906761097085	wgs
2.01	0.000897216243432	wgs
2.02	0.000882898962952	wgs
2.03	0.000873354109298	wgs
2.04	0.000849491975164	wgs
2.05	0.000839947121511	wgs
2.06	0.000820857414204	wgs
2.07	0.000801767706897	wgs
2.08	0.000787450426416	wgs
2.09	0.00078267799959	wgs
2.10	0.000758815865456	wgs
2.11	0.000744498584975	wgs
2.12	0.000739726158149	wgs
2.13	0.000715864024015	wgs
2.14	0.000706319170361	wgs
2.15	0.000696774316708	wgs
2.16	0.000677684609401	wgs
2.17	0.00066336732892	wgs
2.18	0.000653822475267	wgs
2.19	0.00064905004844	wgs
2.20	0.000639505194787	wgs
2.21	0.00063473276796	wgs
2.22	0.000629960341133	wgs
2.23	0.000629960341133	wgs
2.24	0.000615643060653	wgs
2.25	0.000615643060653	wgs
2.26	0.000596553353346	wgs
2.27	0.000591780926519	wgs
2.28	0.000587008499692	wgs
2.29	0.000567918792385	wgs
2.30	0.000567918792385	wgs
2.31	0.000567918792385	wgs
2.32	0.000558373938732	wgs
2.33	0.000558373938732	wgs
2.34	0.000558373938732	wgs
2.35	0.000553601511905	wgs
2.36	0.000553601511905	wgs
2.37	0.000548829085078	wgs
2.38	0.000539284231425	wgs
2.39	0.000529739377771	wgs
2.40	0.000524966950944	wgs
2.41	0.000524966950944	wgs
2.42	0.000510649670464	wgs
2.43	0.000505877243637	wgs
2.44	0.000505877243637	wgs
2.45	0.000496332389984	wgs
2.46	0.00048678753633	wgs
2.47	0.000482015109503	wgs
2.48	0.000482015109503	wgs
2.49	0.00045815297537	wgs
2.50	0.00045815297537	wgs
2.51	0.000453380548543	wgs
2.52	0.000453380548543	wgs
2.53	0.000448608121716	wgs
2.54	0.000443835694889	wgs
2.55	0.000439063268062	wgs
2.56	0.000439063268062	wgs
2.57	0.000439063268062	wgs
2.58	0.000429518414409	wgs
2.59	0.000429518414409	wgs
2.60	0.000429518414409	wgs
2.61	0.000429518414409	wgs
2.62	0.000429518414409	wgs
2.63	0.000419973560755	wgs
2.64	0.000419973560755	wgs
2.65	0.000405656280275	wgs
2.66	0.000405656280275	wgs
2.67	0.000405656280275	wgs
2.68	0.000400883853448	wgs
2.69	0.000396111426622	wgs
2.70	0.000396111426622	wgs
2.71	0.000386566572968	wgs
2.72	0.000386566572968	wgs
2.73	0.000377021719314	wgs
2.74	0.000372249292488	wgs
2.75	0.000372249292488	wgs
2.76	0.000372249292488	wgs
2.77	0.000372249292488	wgs
2.78	0.000372249292488	wgs
2.79	0.000372249292488	wgs
2.80	0.000367476865661	wgs
2.81	0.000367476865661	wgs
2.82	0.000367476865661	wgs
2.83	0.000362704438834	wgs
2.84	0.000362704438834	wgs
2.85	0.000362704438834	wgs
2.86	0.000353159585181	wgs
2.87	0.000353159585181	wgs
2.88	0.000353159585181	wgs
2.89	0.000348387158354	wgs
2.90	0.000348387158354	wgs
2.91	0.000348387158354	wgs
2.92	0.000348387158354	wgs
2.93	0.000343614731527	wgs
2.94	0.0003388423047	wgs
2.95	0.0003388423047	wgs
2.96	0.0003388423047	wgs
2.97	0.0003388423047	wgs
2.98	0.0003388423047	wgs
2.99	0.000334069877874	wgs
3.00	0.0	wgs
0.00	0.989992220944	wgs
0.01	0.989476798847	wgs
0.02	0.98896137675	wgs
0.03	0.988612989591	wgs
0.04	0.988321871555	wgs
0.05	0.988064160506	wgs
0.06	0.987806449458	wgs
0.07	0.987548738409	wgs
0.08	0.987252847946	wgs
0.09	0.987004681751	wgs
0.10	0.986756515556	wgs
0.11	0.986546528775	wgs
0.12	0.986350859275	wgs
0.13	0.986078830946	wgs
0.14	0.985835437178	wgs
0.15	0.985625450398	wgs
0.16	0.985401146337	wgs
0.17	0.985229338971	wgs
0.18	0.985062304032	wgs
0.19	0.984880951813	wgs
0.20	0.984666192606	wgs
0.21	0.984503930093	wgs
0.22	0.984260536325	wgs
0.23	0.98410304624	wgs
0.24	0.983931238874	wgs
0.25	0.983706934813	wgs
0.26	0.983539899874	wgs
0.27	0.983315595814	wgs
0.28	0.983143788448	wgs
0.29	0.982967208655	wgs
0.30	0.982738132168	wgs
0.31	0.982552007521	wgs
0.32	0.982318158607	wgs
0.33	0.9821033994	wgs
0.34	0.98181705379	wgs
0.35	0.981616611863	wgs
0.36	0.98141139751	wgs
0.37	0.981144141607	wgs
0.38	0.980900747839	wgs
0.39	0.980638264364	wgs
0.40	0.980385325742	wgs
0.41	0.980089435279	wgs
0.42	0.979736275694	wgs
0.43	0.979354481547	wgs
0.44	0.97903472895	wgs
0.45	0.97864338995	wgs
0.46	0.978247278524	wgs
0.47	0.977860711951	wgs
0.48	0.977369151987	wgs
0.49	0.976815550476	wgs
0.50	0.976228541976	wgs
0.51	0.975436319123	wgs
0.52	0.974663185977	wgs
0.53	0.973837556136	wgs
0.54	0.97277807738	wgs
0.55	0.971689964064	wgs
0.56	0.970554126479	wgs
0.57	0.969136715711	wgs
0.58	0.967471138749	wgs
0.59	0.965466719482	wgs
0.60	0.963247541007	wgs
0.61	0.960737244496	wgs
0.62	0.957840381412	wgs
0.63	0.954566496609	wgs
0.64	0.950929907367	wgs
0.65	0.946706309626	wgs
0.66	0.942234545689	wgs
0.67	0.937151911118	wgs
0.68	0.931372502231	wgs
0.69	0.924710194381	wgs
0.70	0.917532464433	wgs
0.71	0.909796360547	wgs
0.72	0.901721414356	wgs
0.73	0.892644258532	wgs
0.74	0.882717610732	wgs
0.75	0.871702849616	wgs
0.76	0.859934045061	wgs
0.77	0.847325293385	wgs
0.78	0.834205892038	wgs
0.79	0.820303812692	wgs
0.80	0.805347027017	wgs
0.81	0.789960722927	wgs
0.82	0.773977865484	wgs
0.83	0.757398454688	wgs
0.84	0.740165221417	wgs
0.85	0.722659959816	wgs
0.86	0.703966363936	wgs
0.87	0.686084080616	wgs
0.88	0.66744298143	wgs
0.89	0.648491674501	wgs
0.90	0.628915179658	wgs
0.91	0.609453223058	wgs
0.92	0.590468509142	wgs
0.93	0.57224261109	wgs
0.94	0.55296200671	wgs
0.95	0.533662312623	wgs
0.96	0.514682371133	wgs
0.97	0.496174899898	wgs
0.98	0.477209275689	wgs
0.99	0.458682714747	wgs
1.00	0.440370913013	wgs
1.01	0.422903830827	wgs
1.02	0.405866267055	wgs
1.03	0.388723709894	wgs
1.04	0.37211089211	wgs
1.05	0.355860778765	wgs
1.06	0.340145177224	wgs
1.07	0.325236115817	wgs
1.08	0.31050840663	wgs
1.09	0.29650610632	wgs
1.10	0.281773624706	wgs
1.11	0.268005173311	wgs
1.12	0.254370349867	wgs
1.13	0.2418522743	wgs
1.14	0.22902399099	wgs
1.15	0.216567956972	wgs
1.16	0.204159647222	wgs
1.17	0.19217608346	wgs
1.18	0.180517044722	wgs
1.19	0.169683635826	wgs
1.20	0.159265428063	wgs
1.21	0.149066751934	wgs
1.22	0.139121014427	wgs
1.23	0.129876823664	wgs
1.24	0.121171917132	wgs
1.25	0.11258632127	wgs
1.26	0.104363429848	wgs
1.27	0.0965652844128	wgs
1.28	0.0892348368069	wgs
1.29	0.0824579907129	wgs
1.30	0.076172704582	wgs
1.31	0.0702548953168	wgs
1.32	0.0643323136248	wgs
1.33	0.0594214864201	wgs
1.34	0.0543054448618	wgs
1.35	0.0496809632666	wgs
1.36	0.0453571445616	wgs
1.37	0.0414485269905	wgs
1.38	0.0376639925168	wgs
1.39	0.0342946591771	wgs
1.40	0.0312546232885	wgs
1.41	0.0285247951436	wgs
1.42	0.0256899736085	wgs
1.43	0.0233467120365	wgs
1.44	0.0209223192085	wgs
1.45	0.0188558583926	wgs
1.46	0.0169373428082	wgs
1.47	0.0151429103213	wgs
1.48	0.0134773333588	wgs
1.49	0.0121362814205	wgs
1.50	0.0109145401528	wgs
1.51	0.0098598338241	wgs
1.52	0.00885762419048	wgs
1.53	0.00795563552022	wgs
1.54	0.00714432295967	wgs
1.55	0.00640936922835	wgs
1.56	0.00585576771644	wgs
1.57	0.00524489708262	wgs
1.58	0.00471993013167	wgs
1.59	0.00429041171726	wgs
1.60	0.00391338999795	wgs
1.61	0.00363181681517	wgs
1.62	0.00335501605922	wgs
1.63	0.00304003588865	wgs
1.64	0.00281573182779	wgs
1.65	0.00266301416934	wgs
1.66	0.00247688952309	wgs
1.67	0.00230508215733	wgs
1.68	0.00217622663301	wgs
1.69	0.00203782625503	wgs
1.70	0.00192328801119	wgs
1.71	0.00178011520638	wgs
1.72	0.00171330123081	wgs
1.73	0.00163216997475	wgs
1.74	0.00157012842601	wgs
1.75	0.00146990746264	wgs
1.76	0.00142218319438	wgs
1.77	0.00137923135294	wgs
1.78	0.00134105193832	wgs
1.79	0.00129332767005	wgs
1.80	0.00122174126765	wgs
1.81	0.00115492729208	wgs
1.82	0.00113106515794	wgs
1.83	0.00111197545064	wgs
1.84	0.00108334088968	wgs
1.85	0.00105470632872	wgs
1.86	0.00103084419458	wgs
1.87	0.0010165269141	wgs
1.88	0.000997437206794	wgs
1.89	0.000983119926314	wgs
1.90	0.000949712938526	wgs
1.91	0.000925850804393	wgs
1.92	0.000897216243432	wgs
1.93	0.000873354109298	wgs
1.94	0.000849491975164	wgs
1.95	0.000830402267857	wgs
1.96	0.000820857414204	wgs
1.97	0.00081131256055	wgs
1.98	0.000792222853243	wgs
1.99	0.000777905572763	wgs
2.00	0.000754043438629	wgs
2.01	0.000734953731322	wgs
2.02	0.000730181304495	wgs
2.03	0.000720636450842	wgs
2.04	0.000711091597188	wgs
2.05	0.000701546743535	wgs
2.06	0.000696774316708	wgs
2.07	0.000687229463054	wgs
2.08	0.000682457036227	wgs
2.09	0.000672912182574	wgs
2.10	0.000668139755747	wgs
2.11	0.000653822475267	wgs
2.12	0.000639505194787	wgs
2.13	0.000629960341133	wgs
2.14	0.000615643060653	wgs
2.15	0.000601325780172	wgs
2.16	0.000591780926519	wgs
2.17	0.000587008499692	wgs
2.18	0.000582236072865	wgs
2.19	0.000563146365558	wgs
2.20	0.000553601511905	wgs
2.21	0.000544056658251	wgs
2.22	0.000539284231425	wgs
2.23	0.000529739377771	wgs
2.24	0.000529739377771	wgs
2.25	0.000510649670464	wgs
2.26	0.000496332389984	wgs
2.27	0.000482015109503	wgs
2.28	0.000477242682677	wgs
2.29	0.00045815297537	wgs
2.30	0.000453380548543	wgs
2.31	0.000448608121716	wgs
2.32	0.000434290841236	wgs
2.33	0.000429518414409	wgs
2.34	0.000429518414409	wgs
2.35	0.000424745987582	wgs
2.36	0.000415201133929	wgs
2.37	0.000410428707102	wgs
2.38	0.000405656280275	wgs
2.39	0.000405656280275	wgs
2.40	0.000405656280275	wgs
2.41	0.000400883853448	wgs
2.42	0.000400883853448	wgs
2.43	0.000386566572968	wgs
2.44	0.000377021719314	wgs
2.45	0.000372249292488	wgs
2.46	0.000362704438834	wgs
2.47	0.000357932012007	wgs
2.48	0.000357932012007	wgs
2.49	0.000357932012007	wgs
2.50	0.000353159585181	wgs
2.51	0.000348387158354	wgs
2.52	0.000348387158354	wgs
2.53	0.000343614731527	wgs
2.54	0.000343614731527	wgs
2.55	0.000343614731527	wgs
2.56	0.000343614731527	wgs
2.57	0.0003388423047	wgs
2.58	0.000334069877874	wgs
2.59	0.000329297451047	wgs
2.60	0.000329297451047	wgs
2.61	0.00032452502422	wgs
2.62	0.00031020774374	wgs
2.63	0.000305435316913	wgs
2.64	0.000305435316913	wgs
2.65	0.000300662890086	wgs
2.66	0.000295890463259	wgs
2.67	0.000295890463259	wgs
2.68	0.000291118036433	wgs
2.69	0.000291118036433	wgs
2.70	0.000286345609606	wgs
2.71	0.000281573182779	wgs
2.72	0.000281573182779	wgs
2.73	0.000276800755952	wgs
2.74	0.000276800755952	wgs
2.75	0.000272028329126	wgs
2.76	0.000272028329126	wgs
2.77	0.000267255902299	wgs
2.78	0.000267255902299	wgs
2.79	0.000267255902299	wgs
2.80	0.000267255902299	wgs
2.81	0.000267255902299	wgs
2.82	0.000267255902299	wgs
2.83	0.000267255902299	wgs
2.84	0.000267255902299	wgs
2.85	0.000262483475472	wgs
2.86	0.000262483475472	wgs
2.87	0.000262483475472	wgs
2.88	0.000262483475472	wgs
2.89	0.000262483475472	wgs
2.90	0.000252938621819	wgs
2.91	0.000252938621819	wgs
2.92	0.000248166194992	wgs
2.93	0.000248166194992	wgs
2.94	0.000243393768165	wgs
2.95	0.000238621341338	wgs
2.96	0.000233848914512	wgs
2.97	0.000233848914512	wgs
2.98	0.000233848914512	wgs
2.99	0.000233848914512	wgs
3.00	0.0	wgs
0.00	0.991490762968	wgs
0.01	0.990607864005	wgs
0.02	0.990116304042	wgs
0.03	0.989796551444	wgs
0.04	0.989409984871	wgs
0.05	0.989071142567	wgs
0.06	0.988732300262	wgs
0.07	0.988426864945	wgs
0.08	0.988140519335	wgs
0.09	0.987825539165	wgs
0.10	0.98748669686	wgs
0.11	0.987214668531	wgs
0.12	0.987018999031	wgs
0.13	0.986742198275	wgs
0.14	0.986498804507	wgs
0.15	0.986222003751	wgs
0.16	0.986021561824	wgs
0.17	0.98578771291	wgs
0.18	0.985558636422	wgs
0.19	0.985377284203	wgs
0.20	0.985162524996	wgs
0.21	0.984981172776	wgs
0.22	0.984733006581	wgs
0.23	0.984446660972	wgs
0.24	0.984255763899	wgs
0.25	0.984074411679	wgs
0.26	0.983826245484	wgs
0.27	0.983544672301	wgs
0.28	0.983239236984	wgs
0.29	0.982957663802	wgs
0.30	0.982556779948	wgs
0.31	0.982122489107	wgs
0.32	0.981669108558	wgs
0.33	0.981158458888	wgs
0.34	0.980571450388	wgs
0.35	0.979826951803	wgs
0.36	0.97903472895	wgs
0.37	0.978161374841	wgs
0.38	0.977168710061	wgs
0.39	0.976257176537	wgs
0.40	0.975226332342	wgs
0.41	0.973918687392	wgs
0.42	0.97267308399	wgs
0.43	0.971341576905	wgs
0.44	0.969971890406	wgs
0.45	0.968649928175	wgs
0.46	0.967203882846	wgs
0.47	0.965652844128	wgs
0.48	0.964216343653	wgs
0.49	0.962775070751	wgs
0.50	0.961190625045	wgs
0.51	0.959797076411	wgs
0.52	0.958284217107	wgs
0.53	0.956532736462	wgs
0.54	0.954805117951	wgs
0.55	0.952929554208	wgs
0.56	0.951053990465	wgs
0.57	0.948796632576	wgs
0.58	0.946544047113	wgs
0.59	0.944048067883	wgs
0.60	0.941022349275	wgs
0.61	0.938044354935	wgs
0.62	0.93472751829	wgs
0.63	0.931067066914	wgs
0.64	0.92726821516	wgs
0.65	0.922949168882	wgs
0.66	0.918157652348	wgs
0.67	0.912874575851	wgs
0.68	0.907071304829	wgs
0.69	0.901053274601	wgs
0.70	0.894486415287	wgs
0.71	0.887499582413	wgs
0.72	0.879462815636	wgs
0.73	0.870633826007	wgs
0.74	0.860907620134	wgs
0.75	0.85085211681	wgs
0.76	0.839990073352	wgs
0.77	0.828092413273	wgs
0.78	0.815727055365	wgs
0.79	0.802803323518	wgs
0.80	0.788743754086	wgs
0.81	0.773629478326	wgs
0.82	0.758300443358	wgs
0.83	0.742694607635	wgs
0.84	0.726287004205	wgs
0.85	0.709010819092	wgs
0.86	0.691443515942	wgs
0.87	0.673451466805	wgs
0.88	0.655764852985	wgs
0.89	0.637844390251	wgs
0.90	0.620000286346	wgs
0.91	0.601831657416	wgs
0.92	0.584078229621	wgs
0.93	0.56666364413	wgs
0.94	0.549626080358	wgs
0.95	0.532497840477	wgs
0.96	0.515665491059	wgs
0.97	0.499520371104	wgs
0.98	0.483408658137	wgs
0.99	0.467883953669	wgs
1.00	0.452831719458	wgs
1.01	0.437889251063	wgs
1.02	0.423409708071	wgs
1.03	0.409087655164	wgs
1.04	0.395653273646	wgs
1.05	0.382242754263	wgs
1.06	0.369099490782	wgs
1.07	0.356137579521	wgs
1.08	0.343333158344	wgs
1.09	0.331115745668	wgs
1.10	0.318631077089	wgs
1.11	0.307077031741	wgs
1.12	0.295522986394	wgs
1.13	0.283859175229	wgs
1.14	0.272510344235	wgs
1.15	0.260813126083	wgs
1.16	0.249631330028	wgs
1.17	0.238917231802	wgs
1.18	0.227840429137	wgs
1.19	0.216921116557	wgs
1.20	0.206450412099	wgs
1.21	0.195998797348	wgs
1.22	0.185671265695	wgs
1.23	0.175424865298	wgs
1.24	0.165216644316	wgs
1.25	0.155499983297	wgs
1.26	0.146160343997	wgs
1.27	0.136858884111	wgs
1.28	0.128502364737	wgs
1.29	0.120203114486	wgs
1.30	0.112185437417	wgs
1.31	0.104831127677	wgs
1.32	0.097357507266	wgs
1.33	0.0904088538062	wgs
1.34	0.0836845044073	wgs
1.35	0.0771510520815	wgs
1.36	0.070884855658	wgs
1.37	0.0653106611243	wgs
1.38	0.0597937357125	wgs
1.39	0.0548017772518	wgs
1.40	0.0501438886688	wgs
1.41	0.0459346082076	wgs
1.42	0.0419878112219	wgs
1.43	0.0381030557849	wgs
1.44	0.0347957639939	wgs
1.45	0.0316650519956	wgs
1.46	0.0284436638875	wgs
1.47	0.02553725595	wgs
1.48	0.0230603664269	wgs
1.49	0.020745739416	wgs
1.50	0.0186363267585	wgs
1.51	0.0168562115521	wgs
1.52	0.0149758753824	wgs
1.53	0.0134630160783	wgs
1.54	0.0120026534693	wgs
1.55	0.0107665949212	wgs
1.56	0.00952576394622	wgs
1.57	0.00857127858087	wgs
1.58	0.00768837961792	wgs
1.59	0.00692001889881	wgs
1.60	0.00616597546018	wgs
1.61	0.00546920114347	wgs
1.62	0.0048678753633	wgs
1.63	0.00429518414409	wgs
1.64	0.0039229348516	wgs
1.65	0.00352682342498	wgs
1.66	0.00325002266903	wgs
1.67	0.00295890463259	wgs
1.68	0.00270596601078	wgs
1.69	0.0024959792304	wgs
1.70	0.00229076487685	wgs
1.71	0.00216668177935	wgs
1.72	0.00198055713311	wgs
1.73	0.00185647403561	wgs
1.74	0.00173239093812	wgs
1.75	0.00163216997475	wgs
1.76	0.00154626629187	wgs
1.77	0.00151285930408	wgs
1.78	0.00145081775534	wgs
1.79	0.0014078659139	wgs
1.80	0.00136014164563	wgs
1.81	0.00131241737736	wgs
1.82	0.00126946553592	wgs
1.83	0.00120265156034	wgs
1.84	0.00116924457256	wgs
1.85	0.0011596997189	wgs
1.86	0.00112629273112	wgs
1.87	0.00110720302381	wgs
1.88	0.0010881133165	wgs
1.89	0.00107379603602	wgs
1.90	0.00106425118237	wgs
1.91	0.00104516147506	wgs
1.92	0.00103084419458	wgs
1.93	0.00100698206045	wgs
1.94	0.00097357507266	wgs
1.95	0.00095925779218	wgs
1.96	0.000940168084873	wgs
1.97	0.000930623231219	wgs
1.98	0.000916305950739	wgs
1.99	0.000897216243432	wgs
2.00	0.000882898962952	wgs
2.01	0.000873354109298	wgs
2.02	0.000844719548338	wgs
2.03	0.000835174694684	wgs
2.04	0.000801767706897	wgs
2.05	0.000787450426416	wgs
2.06	0.000773133145936	wgs
2.07	0.000754043438629	wgs
2.08	0.000739726158149	wgs
2.09	0.000715864024015	wgs
2.10	0.000711091597188	wgs
2.11	0.000701546743535	wgs
2.12	0.000692001889881	wgs
2.13	0.000687229463054	wgs
2.14	0.00066336732892	wgs
2.15	0.00066336732892	wgs
2.16	0.000653822475267	wgs
2.17	0.00064905004844	wgs
2.18	0.000644277621613	wgs
2.19	0.00063473276796	wgs
2.20	0.000625187914306	wgs
2.21	0.00062041548748	wgs
2.22	0.000615643060653	wgs
2.23	0.000596553353346	wgs
2.24	0.000591780926519	wgs
2.25	0.000587008499692	wgs
2.26	0.000582236072865	wgs
2.27	0.000572691219212	wgs
2.28	0.000567918792385	wgs
2.29	0.000553601511905	wgs
2.30	0.000548829085078	wgs
2.31	0.000544056658251	wgs
2.32	0.000539284231425	wgs
2.33	0.000524966950944	wgs
2.34	0.000524966950944	wgs
2.35	0.000524966950944	wgs
2.36	0.000524966950944	wgs
2.37	0.000515422097291	wgs
2.38	0.000515422097291	wgs
2.39	0.00050110481681	wgs
2.40	0.00050110481681	wgs
2.41	0.00050110481681	wgs
2.42	0.00050110481681	wgs
2.43	0.000496332389984	wgs
2.44	0.000491559963157	wgs
2.45	0.00048678753633	wgs
2.46	0.00048678753633	wgs
2.47	0.000482015109503	wgs
2.48	0.00047247025585	wgs
2.49	0.000467697829023	wgs
2.50	0.00045815297537	wgs
2.51	0.00045815297537	wgs
2.52	0.00045815297537	wgs
2.53	0.00045815297537	wgs
2.54	0.000448608121716	wgs
2.55	0.000443835694889	wgs
2.56	0.000429518414409	wgs
2.57	0.000419973560755	wgs
2.58	0.000415201133929	wgs
2.59	0.000415201133929	wgs
2.60	0.000405656280275	wgs
2.61	0.000400883853448	wgs
2.62	0.000396111426622	wgs
2.63	0.000391338999795	wgs
2.64	0.000391338999795	wgs
2.65	0.000386566572968	wgs
2.66	0.000386566572968	wgs
2.67	0.000386566572968	wgs
2.68	0.000386566572968	wgs
2.69	0.000386566572968	wgs
2.70	0.000381794146141	wgs
2.71	0.000381794146141	wgs
2.72	0.000372249292488	wgs
2.73	0.000372249292488	wgs
2.74	0.000367476865661	wgs
2.75	0.000362704438834	wgs
2.76	0.000362704438834	wgs
2.77	0.000357932012007	wgs
2.78	0.000353159585181	wgs
2.79	0.000353159585181	wgs
2.80	0.000348387158354	wgs
2.81	0.000343614731527	wgs
2.82	0.0003388423047	wgs
2.83	0.000334069877874	wgs
2.84	0.000334069877874	wgs
2.85	0.000334069877874	wgs
2.86	0.000334069877874	wgs
2.87	0.000334069877874	wgs
2.88	0.000334069877874	wgs
2.89	0.000329297451047	wgs
2.90	0.000319752597393	wgs
2.91	0.000319752597393	wgs
2.92	0.000319752597393	wgs
2.93	0.000319752597393	wgs
2.94	0.000319752597393	wgs
2.95	0.00031020774374	wgs
2.96	0.000300662890086	wgs
2.97	0.000295890463259	wgs
2.98	0.000295890463259	wgs
2.99	0.000295890463259	wgs
3.00	0.0	wgs
0.00	0.990407422078	wgs
0.01	0.989686785627	wgs
0.02	0.989161818676	wgs
0.03	0.98887070064	wgs
0.04	0.988560492896	wgs
0.05	0.988278919713	wgs
0.06	0.987959167116	wgs
0.07	0.987687138787	wgs
0.08	0.987405565604	wgs
0.09	0.98708104058	wgs
0.10	0.986789922544	wgs
0.11	0.986579935763	wgs
0.12	0.98638903869	wgs
0.13	0.986174279483	wgs
0.14	0.986007244544	wgs
0.15	0.985759078349	wgs
0.16	0.985496594873	wgs
0.17	0.98529138052	wgs
0.18	0.985071848886	wgs
0.19	0.984890496666	wgs
0.20	0.984728234154	wgs
0.21	0.984527792228	wgs
0.22	0.984303488167	wgs
0.23	0.984107818667	wgs
0.24	0.983883514606	wgs
0.25	0.983726024521	wgs
0.26	0.983554217155	wgs
0.27	0.983372864936	wgs
0.28	0.983134243594	wgs
0.29	0.982991070789	wgs
0.30	0.982819263424	wgs
0.31	0.982609276643	wgs
0.32	0.982380200156	wgs
0.33	0.982189303083	wgs
0.34	0.981941136888	wgs
0.35	0.981707287973	wgs
0.36	0.981473439058	wgs
0.37	0.981253907424	wgs
0.38	0.981000968803	wgs
0.39	0.980690761059	wgs
0.40	0.98041873273	wgs
0.41	0.980094207706	wgs
0.42	0.97981740695	wgs
0.43	0.979492881925	wgs
0.44	0.979144494767	wgs
0.45	0.978791335182	wgs
0.46	0.978462037731	wgs
0.47	0.978008657182	wgs
0.48	0.977512324792	wgs
0.49	0.976963495707	wgs
0.50	0.976495797878	wgs
0.51	0.975832430549	wgs
0.52	0.975130883806	wgs
0.53	0.974262302123	wgs
0.54	0.973436672282	wgs
0.55	0.972472642063	wgs
0.56	0.971451342722	wgs
0.57	0.970229601455	wgs
0.58	0.968721514577	wgs
0.59	0.967208655273	wgs
0.60	0.965380815799	wgs
0.61	0.963190271885	wgs
0.62	0.960770651484	wgs
0.63	0.957778339864	wgs
0.64	0.954618993304	wgs
0.65	0.951039673184	wgs
0.66	0.946987882808	wgs
0.67	0.942439760042	wgs
0.68	0.93708986957	wgs
0.69	0.930976390804	wgs
0.70	0.924447710905	wgs
0.71	0.917475195312	wgs
0.72	0.909467063096	wgs
0.73	0.90052830765	wgs
0.74	0.890983453996	wgs
0.75	0.880574791087	wgs
0.76	0.868767807118	wgs
0.77	0.856469263185	wgs
0.78	0.843359406692	wgs
0.79	0.82910416776	wgs
0.80	0.81419987878	wgs
0.81	0.798555863642	wgs
0.82	0.781914411297	wgs
0.83	0.764351880575	wgs
0.84	0.746698673743	wgs
0.85	0.728081436691	wgs
0.86	0.708886735994	wgs
0.87	0.689758849272	wgs
0.88	0.670611872843	wgs
0.89	0.651049695281	wgs
0.90	0.63095777834	wgs
0.91	0.611266745253	wgs
0.92	0.592387024726	wgs
0.93	0.573049151224	wgs
0.94	0.553921264502	wgs
0.95	0.535642869756	wgs
0.96	0.51799443535	wgs
0.97	0.50029350425	wgs
0.98	0.48290755332	wgs
0.99	0.466208831853	wgs
1.00	0.449801228423	wgs
1.01	0.433255224614	wgs
1.02	0.417506216086	wgs
1.03	0.40161880718	wgs
1.04	0.386251592797	wgs
1.05	0.371103910049	wgs
1.06	0.356824808984	wgs
1.07	0.342431169674	wgs
1.08	0.328252289572	wgs
1.09	0.314751094079	wgs
1.10	0.301030366952	wgs
1.11	0.288116179959	wgs
1.12	0.275077909868	wgs
1.13	0.262430978777	wgs
1.14	0.249874723796	wgs
1.15	0.237223020278	wgs
1.16	0.224876752077	wgs
1.17	0.212740470657	wgs
1.18	0.200814176017	wgs
1.19	0.189241040962	wgs
1.20	0.177791989004	wgs
1.21	0.166567241108	wgs
1.22	0.156182440333	wgs
1.23	0.14586922596	wgs
1.24	0.135742136234	wgs
1.25	0.126140013458	wgs
1.26	0.116900595122	wgs
1.27	0.108233868004	wgs
1.28	0.100459584703	wgs
1.29	0.0926662116953	wgs
1.30	0.0851305497358	wgs
1.31	0.0778621436787	wgs
1.32	0.0713048292187	wgs
1.33	0.0650863570634	wgs
1.34	0.0592735411884	wgs
1.35	0.0539093334351	wgs
1.36	0.048898285267	wgs
1.37	0.0441640378549	wgs
1.38	0.0399643022473	wgs
1.39	0.0359936431275	wgs
1.40	0.0322997847636	wgs
1.41	0.0287252370703	wgs
1.42	0.0257806497182	wgs
1.43	0.0229315109026	wgs
1.44	0.0205882493307	wgs
1.45	0.0183929329904	wgs
1.46	0.0163503343085	wgs
1.47	0.0144699981388	wgs
1.48	0.0127042002129	wgs
1.49	0.0112199754697	wgs
1.50	0.010026868763	wgs
1.51	0.0089148933124	wgs
1.52	0.00795086309339	wgs
1.53	0.00706319170361	wgs
1.54	0.00623756186258	wgs
1.55	0.00548829085078	wgs
1.56	0.0049394617657	wgs
1.57	0.00442403966841	wgs
1.58	0.00406133522958	wgs
1.59	0.00366999622978	wgs
1.60	0.00337887819335	wgs
1.61	0.00300185647404	wgs
1.62	0.00275846270587	wgs
1.63	0.00251506893771	wgs
1.64	0.00231939943781	wgs
1.65	0.00212850236474	wgs
1.66	0.00198055713311	wgs
1.67	0.00186124646244	wgs
1.68	0.00173239093812	wgs
1.69	0.00163216997475	wgs
1.70	0.00157490085283	wgs
1.71	0.0014985420236	wgs
1.72	0.00144604532851	wgs
1.73	0.0014078659139	wgs
1.74	0.00136491407245	wgs
1.75	0.00132196223101	wgs
1.76	0.0012837828164	wgs
1.77	0.00124083097496	wgs
1.78	0.00118833427986	wgs
1.79	0.00113583758477	wgs
1.80	0.00112152030429	wgs
1.81	0.00110243059698	wgs
1.82	0.0010881133165	wgs
1.83	0.0010690236092	wgs
1.84	0.00104993390189	wgs
1.85	0.00104038904823	wgs
1.86	0.00102129934093	wgs
1.87	0.00101175448727	wgs
1.88	0.000997437206794	wgs
1.89	0.00097357507266	wgs
1.90	0.000949712938526	wgs
1.91	0.000935395658046	wgs
1.92	0.000925850804393	wgs
1.93	0.000916305950739	wgs
1.94	0.000901988670259	wgs
1.95	0.000892443816605	wgs
1.96	0.000882898962952	wgs
1.97	0.000873354109298	wgs
1.98	0.000868581682471	wgs
1.99	0.000859036828818	wgs
2.00	0.000839947121511	wgs
2.01	0.000830402267857	wgs
2.02	0.000820857414204	wgs
2.03	0.00081131256055	wgs
2.04	0.000806540133723	wgs
2.05	0.00079699528007	wgs
2.06	0.00079699528007	wgs
2.07	0.000792222853243	wgs
2.08	0.000787450426416	wgs
2.09	0.00078267799959	wgs
2.10	0.000777905572763	wgs
2.11	0.000768360719109	wgs
2.12	0.000768360719109	wgs
2.13	0.000763588292283	wgs
2.14	0.000754043438629	wgs
2.15	0.000749271011802	wgs
2.16	0.000730181304495	wgs
2.17	0.000725408877668	wgs
2.18	0.000706319170361	wgs
2.19	0.000701546743535	wgs
2.20	0.000692001889881	wgs
2.21	0.000687229463054	wgs
2.22	0.000677684609401	wgs
2.23	0.000677684609401	wgs
2.24	0.000668139755747	wgs
2.25	0.00066336732892	wgs
2.26	0.000658594902094	wgs
2.27	0.000653822475267	wgs
2.28	0.00063473276796	wgs
2.29	0.000625187914306	wgs
2.30	0.000625187914306	wgs
2.31	0.000615643060653	wgs
2.32	0.000615643060653	wgs
2.33	0.000606098206999	wgs
2.34	0.000606098206999	wgs
2.35	0.000591780926519	wgs
2.36	0.000591780926519	wgs
2.37	0.000587008499692	wgs
2.38	0.000582236072865	wgs
2.39	0.000567918792385	wgs
2.40	0.000563146365558	wgs
2.41	0.000558373938732	wgs
2.42	0.000553601511905	wgs
2.43	0.000548829085078	wgs
2.44	0.000529739377771	wgs
2.45	0.000520194524117	wgs
2.46	0.000520194524117	wgs
2.47	0.000510649670464	wgs
2.48	0.00050110481681	wgs
2.49	0.000491559963157	wgs
2.50	0.000477242682677	wgs
2.51	0.000477242682677	wgs
2.52	0.000467697829023	wgs
2.53	0.000462925402196	wgs
2.54	0.000462925402196	wgs
2.55	0.00045815297537	wgs
2.56	0.000448608121716	wgs
2.57	0.000448608121716	wgs
2.58	0.000443835694889	wgs
2.59	0.000443835694889	wgs
2.60	0.000429518414409	wgs
2.61	0.000424745987582	wgs
2.62	0.000424745987582	wgs
2.63	0.000419973560755	wgs
2.64	0.000415201133929	wgs
2.65	0.000415201133929	wgs
2.66	0.000415201133929	wgs
2.67	0.000410428707102	wgs
2.68	0.000410428707102	wgs
2.69	0.000405656280275	wgs
2.70	0.000400883853448	wgs
2.71	0.000400883853448	wgs
2.72	0.000396111426622	wgs
2.73	0.000396111426622	wgs
2.74	0.000391338999795	wgs
2.75	0.000377021719314	wgs
2.76	0.000377021719314	wgs
2.77	0.000377021719314	wgs
2.78	0.000377021719314	wgs
2.79	0.000372249292488	wgs
2.80	0.000367476865661	wgs
2.81	0.000362704438834	wgs
2.82	0.000362704438834	wgs
2.83	0.000362704438834	wgs
2.84	0.000362704438834	wgs
2.85	0.000362704438834	wgs
2.86	0.000362704438834	wgs
2.87	0.000362704438834	wgs
2.88	0.000362704438834	wgs
2.89	0.000362704438834	wgs
2.90	0.000362704438834	wgs
2.91	0.000353159585181	wgs
2.92	0.000353159585181	wgs
2.93	0.000348387158354	wgs
2.94	0.000343614731527	wgs
2.95	0.000343614731527	wgs
2.96	0.0003388423047	wgs
2.97	0.000329297451047	wgs
2.98	0.000329297451047	wgs
2.99	0.000329297451047	wgs
3.00	0.0	wgs
