SAMPLE	BAIT_SET	GENOME_SIZE	BAIT_TERRITORY	TARGET_TERRITORY	BAIT_DESIGN_EFFICIENCY	TOTAL_READS	PF_READS	PF_UNIQUE_READS	PCT_PF_READS	PCT_PF_UQ_READS	PF_UQ_READS_ALIGNED	PCT_PF_UQ_READS_ALIGNED	PF_UQ_BASES_ALIGNED	ON_BAIT_BASES	NEAR_BAIT_BASES	OFF_BAIT_BASES	ON_TARGET_BASES	PCT_SELECTED_BASES	PCT_OFF_BAIT	ON_BAIT_VS_SELECTED	MEAN_BAIT_COVERAGE	MEAN_TARGET_COVERAGE	PCT_USABLE_BASES_ON_BAIT	PCT_USABLE_BASES_ON_TARGET	FOLD_ENRICHMENT	ZERO_CVG_TARGETS_PCT	FOLD_80_BASE_PENALTY	PCT_TARGET_BASES_2X	PCT_TARGET_BASES_10X	PCT_TARGET_BASES_20X	PCT_TARGET_BASES_30X	PCT_TARGET_BASES_40X	PCT_TARGET_BASES_50X	PCT_TARGET_BASES_100X	HS_LIBRARY_SIZE	HS_PENALTY_10X	HS_PENALTY_20X	HS_PENALTY_30X	HS_PENALTY_40X	HS_PENALTY_50X	HS_PENALTY_100X	AT_DROPOUT	GC_DROPOUT	SAMPLE	LIBRARY	READ_GROUP
wes_11.sample_417	UTRs_norm	3101804739	49244280	49244280	1	90537210	90537210	87842214	1	0.970233	81920184	0.932583	8248884583	978823015	492605977	6777455591	978823015	0.178379	0.821621	0.665219	19.876888	20.559124	0.107042	0.107042	7.47425	0.093325	?	0.46086	0.23845	0.209503	0.188141	0.169003	0.150353	0.068134	118007010	-1	-1	-1	-1	-1	-1	0	0			
wes_11.sample_470	UTRs_norm	3101804739	49244280	49244280	1	71901098	71901098	69686836	1	0.969204	65263626	0.936527	6569652797	763787973	387533443	5418331381	763787973	0.175248	0.824752	0.663401	15.510187	16.165514	0.105176	0.105176	7.323	0.10942	?	0.419635	0.224138	0.193653	0.169442	0.14628	0.123547	0.043435	84773033	-1	-1	-1	-1	-1	-1	0	0			
wes_11.sample_48	UTRs_norm	3101804739	49244280	49244280	1	82431754	82431754	80069159	1	0.971339	74345224	0.928513	7450812698	886471630	449934274	6114406794	886471630	0.179364	0.820636	0.663325	18.001515	18.725256	0.106475	0.106475	7.494106	0.105027	?	0.434879	0.238434	0.207085	0.183245	0.161503	0.140012	0.056886	115806578	-1	-1	-1	-1	-1	-1	0	0			
wes_11.sample_50	UTRs_norm	3101804739	49244280	49244280	1	111321392	111321392	107017001	1	0.961334	100125130	0.9356	10084889658	1174094443	599061920	8311733295	1174094443	0.175823	0.824177	0.662149	23.84225	24.577627	0.104425	0.104425	7.33315	0.084068	?	0.501465	0.250789	0.222744	0.202162	0.184554	0.167873	0.089448	108141593	-1	-1	-1	-1	-1	-1	0	0			
wes_11.sample_524	UTRs_norm	3101804739	49244280	49244280	1	74815546	74815546	72722019	1	0.972017	67841565	0.932889	6827619815	799326525	405138106	5623155184	799326525	0.176411	0.823589	0.663636	16.231865	16.921913	0.105782	0.105782	7.374177	0.109701	?	0.418538	0.230622	0.198782	0.173815	0.150467	0.127866	0.046965	101046639	-1	-1	-1	-1	-1	-1	0	0			
wes_11.sample_54	UTRs_norm	3101804739	49244280	49244280	1	101363140	101363140	97579376	1	0.962671	90550683	0.927969	9078020737	1083865232	548125183	7446030322	1083865232	0.179774	0.820226	0.664137	22.009972	22.712964	0.10587	0.10587	7.520432	0.087681	?	0.477359	0.243571	0.21583	0.195561	0.177728	0.16061	0.080561	105246620	-1	-1	-1	-1	-1	-1	0	0			
wes_11.sample_561	UTRs_norm	3101804739	49244280	49244280	1	66064316	66064316	64255963	1	0.972627	60132393	0.935826	6052811913	708081741	361783998	4982946174	708081741	0.176755	0.823245	0.661842	14.378964	15.067482	0.106119	0.106119	7.368598	0.119829	?	0.402878	0.23223	0.19691	0.168075	0.140461	0.114184	0.034299	90137561	-1	-1	-1	-1	-1	-1	0	0			
wes_11.sample_564	UTRs_norm	3101804739	49244280	49244280	1	80731912	80731912	77929283	1	0.965285	71966407	0.923483	7203882212	878750585	445942066	5879189561	878750585	0.183886	0.816114	0.663362	17.844724	18.548235	0.10777	0.10777	7.683475	0.105309	?	0.426981	0.232123	0.203666	0.182056	0.161843	0.141601	0.057486	91825489	-1	-1	-1	-1	-1	-1	0	0			
wes_11.sample_75-16	UTRs_norm	3101804739	49244280	49244280	1	71010340	71010340	68883182	1	0.970044	64126469	0.930945	6444579624	776066190	391002324	5277511110	776066190	0.181093	0.818907	0.664971	15.759519	16.37363	0.108207	0.108207	7.585127	0.103511	?	0.422846	0.222945	0.194194	0.171938	0.150266	0.128023	0.045134	88771379	-1	-1	-1	-1	-1	-1	0	0			
wes_12.sample_544	UTRs_norm	3101804739	49244280	49244280	1	58283622	58283622	55764472	1	0.956778	50275045	0.90156	5057677088	668902371	338501546	4050273171	668902371	0.199183	0.800817	0.663986	13.583352	14.48407	0.11363	0.11363	8.330485	0.15026	?	0.341084	0.219065	0.182098	0.152605	0.125825	0.101679	0.034611	58990772	-1	-1	-1	-1	-1	-1	0	0			
wes_12.sample_554	UTRs_norm	3101804739	49244280	49244280	1	63983404	63983404	61068843	1	0.954448	55238400	0.904527	5555399098	721871710	365764238	4467763150	721871710	0.19578	0.80422	0.663707	14.658996	15.590284	0.111705	0.111705	8.184712	0.146233	?	0.351435	0.217541	0.182674	0.155943	0.132033	0.109997	0.041163	59958764	-1	-1	-1	-1	-1	-1	0	0			
wes_12.sample_558	UTRs_norm	3101804739	49244280	49244280	1	72145186	72145186	68215297	1	0.945528	61593614	0.90293	6193875297	787313765	400006380	5006555152	787313765	0.191693	0.808307	0.663101	15.987923	16.930133	0.108049	0.108049	8.006525	0.139213	?	0.365723	0.220815	0.18719	0.162053	0.139667	0.118859	0.04807	55205926	-1	-1	-1	-1	-1	-1	0	0			
wes_12.sample_565	UTRs_norm	3101804739	49244280	49244280	1	86032576	86032576	80539481	1	0.936151	72873572	0.904818	7332891184	918663155	469842173	5944385856	918663155	0.189353	0.810647	0.66162	18.655226	19.741246	0.105724	0.105724	7.89114	0.136503	?	0.375811	0.227344	0.193104	0.167664	0.146475	0.127944	0.061682	55191625	-1	-1	-1	-1	-1	-1	0	0			
wes_12.sample_570	UTRs_norm	3101804739	49244280	49244280	1	63895946	63895946	60209281	1	0.942302	54112748	0.898744	5445799422	732830178	372930020	4340039224	732830178	0.203048	0.796952	0.662739	14.881529	15.899524	0.113556	0.113556	8.476184	0.152398	?	0.338043	0.219331	0.18519	0.158631	0.134557	0.112242	0.042239	48716113	-1	-1	-1	-1	-1	-1	0	0			
wes_12.sample_578	UTRs_norm	3101804739	49244280	49244280	1	71928838	71928838	67789846	1	0.942457	61258496	0.903653	6155508752	813399099	406657092	4935452561	813399099	0.198206	0.801794	0.66669	16.517636	17.422672	0.111964	0.111964	8.323355	0.132351	?	0.365859	0.215256	0.185574	0.163438	0.143237	0.123795	0.052447	52366240	-1	-1	-1	-1	-1	-1	0	0			
wes_12.sample_579	UTRs_norm	3101804739	49244280	49244280	1	70939428	70939428	66002189	1	0.930402	59727794	0.904937	6007387866	761671524	388129486	4857586856	761671524	0.191398	0.808602	0.662438	15.467208	16.378509	0.106306	0.106306	7.98621	0.139329	?	0.359852	0.218943	0.186387	0.161251	0.138358	0.116793	0.045355	40370211	-1	-1	-1	-1	-1	-1	0	0			
wes_12.sample_580	UTRs_norm	3101804739	49244280	49244280	1	61764004	61764004	57840914	1	0.936483	52196942	0.902422	5247098296	678630141	342576272	4225891883	678630141	0.194623	0.805377	0.664538	13.780893	14.633745	0.108787	0.108787	8.146529	0.143779	?	0.349702	0.213517	0.178949	0.152165	0.127521	0.10485	0.036593	39102423	-1	-1	-1	-1	-1	-1	0	0			
wes_12.sample_581	UTRs_norm	3101804739	49244280	49244280	1	63246112	63246112	60738993	1	0.960359	55099744	0.907156	5544569769	709570148	359535791	4475463830	709570148	0.19282	0.80718	0.663704	14.409189	15.2993	0.111081	0.111081	8.060949	0.143208	?	0.354988	0.219025	0.183685	0.156184	0.131188	0.108057	0.039212	68329167	-1	-1	-1	-1	-1	-1	0	0			
wes_12.sample_582	UTRs_norm	3101804739	49244280	49244280	1	72044290	72044290	68403448	1	0.949464	61577258	0.900207	6192287685	801163438	407961718	4983162529	801163438	0.195263	0.804737	0.662598	16.269167	17.236975	0.110103	0.110103	8.149457	0.139561	?	0.363875	0.224316	0.190058	0.164328	0.141555	0.120471	0.04888	60629276	-1	-1	-1	-1	-1	-1	0	0			
wes_13.sample_13.merged	UTRs_norm	3101804739	49244280	49244280	1	34292810	34292810	31535945	1	0.919608	28288419	0.897021	4033102170	550315494	372144733	3110641943	550315494	0.228722	0.771278	0.596574	11.175217	12.074735	0.111796	0.111796	8.594709	0.165418	?	0.332203	0.206988	0.170265	0.136409	0.105669	0.080545	0.023234	20765479	-1	-1	-1	-1	-1	-1	0	0			
wes_13.sample_231-16.merged	UTRs_norm	3101804739	49244280	49244280	1	32938068	32938068	30761548	1	0.933921	27763675	0.902545	3997050610	534640548	368213849	3094196213	534640548	0.22588	0.77412	0.592167	10.856907	11.758744	0.111985	0.111985	8.425213	0.168302	?	0.329095	0.206874	0.168364	0.133004	0.101676	0.076819	0.021787	24613962	-1	-1	-1	-1	-1	-1	0	0			
wes_13.sample_232-16.merged	UTRs_norm	3101804739	49244280	49244280	1	35172296	35172296	32445572	1	0.922475	29207715	0.900207	4210552999	582395672	401183582	3226973745	582395672	0.233599	0.766401	0.592119	11.826666	12.802814	0.114075	0.114075	8.712397	0.169479	?	0.329389	0.21051	0.174424	0.141841	0.111861	0.086462	0.026552	22699460	-1	-1	-1	-1	-1	-1	0	0			
wes_13.sample_29.merged	UTRs_norm	3101804739	49244280	49244280	1	33383774	33383774	30741120	1	0.92084	27631945	0.898859	3973360031	523818848	358517714	3091023469	523818848	0.222063	0.777937	0.593672	10.637151	11.504195	0.108305	0.108305	8.303895	0.16846	?	0.332682	0.20664	0.167602	0.131697	0.099739	0.074817	0.020471	19795759	-1	-1	-1	-1	-1	-1	0	0			
wes_13.sample_30.merged	UTRs_norm	3101804739	49244280	49244280	1	38609594	38609594	35530660	1	0.920255	32073708	0.902705	4596364177	603385234	414259226	3578719717	603385234	0.221402	0.778598	0.592923	12.2529	13.205506	0.108269	0.108269	8.268732	0.162186	?	0.343037	0.210675	0.175543	0.144297	0.115259	0.090405	0.028754	22829371	-1	-1	-1	-1	-1	-1	0	0			
wes_13.sample_31.merged	UTRs_norm	3101804739	49244280	49244280	1	40872250	40872250	37749203	1	0.92359	33906166	0.898196	4841835194	633173973	429700541	3778960680	633173973	0.219519	0.780481	0.595718	12.857818	13.749007	0.10757	0.10757	8.23705	0.152067	?	0.359292	0.213538	0.179614	0.149394	0.120675	0.095422	0.031103	25065954	-1	-1	-1	-1	-1	-1	0	0			
wes_13.sample_32.merged	UTRs_norm	3101804739	49244280	49244280	1	35173224	35173224	32468680	1	0.923108	29079768	0.895625	4168180432	553725675	378823198	3235631559	553725675	0.22373	0.77627	0.593777	11.244467	12.152176	0.109011	0.109011	8.367714	0.1671	?	0.333797	0.208031	0.171002	0.137144	0.10591	0.08091	0.023639	21774269	-1	-1	-1	-1	-1	-1	0	0			
wes_13.sample_BR51.merged	UTRs_norm	3101804739	49244280	49244280	1	35095978	35095978	32501573	1	0.926077	29146857	0.896783	4204688366	556180527	384211891	3264295948	556180527	0.223653	0.776347	0.591435	11.294317	12.221522	0.109098	0.109098	8.331834	0.167498	?	0.3347	0.210228	0.172165	0.137428	0.105992	0.080552	0.023621	22861487	-1	-1	-1	-1	-1	-1	0	0			
wes_13.sample_BR52.merged	UTRs_norm	3101804739	49244280	49244280	1	37434708	37434708	34345365	1	0.917474	30758427	0.895563	4425280740	594009930	406653463	3424617347	594009930	0.226124	0.773876	0.593616	12.062516	12.993189	0.10944	0.10944	8.45496	0.161092	?	0.34062	0.21177	0.176261	0.143838	0.113587	0.088077	0.027283	21881459	-1	-1	-1	-1	-1	-1	0	0			
wes_13.sample_BR53.merged	UTRs_norm	3101804739	49244280	49244280	1	35017726	35017726	32070372	1	0.915833	28992802	0.904037	4200293984	560593866	389887480	3249812638	560593866	0.226289	0.773711	0.5898	11.383939	12.270925	0.109748	0.109748	8.406734	0.163214	?	0.338242	0.209723	0.17171	0.13748	0.106838	0.081759	0.024086	20203531	-1	-1	-1	-1	-1	-1	0	0			
wes_15.sample_14	UTRs_norm	3101804739	49244280	49244280	1	86458030	86458030	79949982	1	0.924726	73573024	0.920238	7831973738	1157526207	619753277	6054694254	1157526207	0.226926	0.773074	0.651291	23.5058	25.171234	0.125124	0.125124	9.309327	0.153849	?	0.338603	0.240457	0.214877	0.196511	0.180292	0.164267	0.088321	57279059	-1	-1	-1	-1	-1	-1	0	0			
wes_15.sample_15	UTRs_norm	3101804739	49244280	49244280	1	80646258	80646258	74410244	1	0.922674	68650498	0.922595	7306303345	1071027069	571045778	5664230498	1071027069	0.224747	0.775253	0.652241	21.749269	23.257288	0.124117	0.124117	9.233395	0.152141	?	0.338197	0.237254	0.211379	0.192449	0.175512	0.15843	0.079415	50824952	-1	-1	-1	-1	-1	-1	0	0			
wes_15.sample_16	UTRs_norm	3101804739	49244280	49244280	1	68907292	68907292	64168065	1	0.931223	58874747	0.917509	6267276003	862046148	460291703	4944938152	862046148	0.210991	0.789009	0.651911	17.505508	18.647686	0.116918	0.116918	8.663839	0.147509	?	0.350655	0.231417	0.201115	0.177755	0.155618	0.133799	0.054895	45732735	-1	-1	-1	-1	-1	-1	0	0			
wes_15.sample_17	UTRs_norm	3101804739	49244280	49244280	1	65577194	65577194	61559918	1	0.93874	56061663	0.910684	5967124439	850299575	458014481	4658810383	850299575	0.219254	0.780746	0.64992	17.266971	18.7035	0.121181	0.121181	8.975642	0.169769	?	0.322139	0.23171	0.20068	0.176575	0.153973	0.131894	0.054189	53228991	-1	-1	-1	-1	-1	-1	0	0			
wes_15.sample_18	UTRs_norm	3101804739	49244280	49244280	1	77768386	77768386	71461441	1	0.918901	65095592	0.910919	6925584444	939697749	506223019	5479663676	939697749	0.20878	0.79122	0.649896	19.082374	20.401159	0.112928	0.112928	8.546542	0.151213	?	0.352649	0.23487	0.205139	0.182739	0.162234	0.142152	0.063796	43398988	-1	-1	-1	-1	-1	-1	0	0			
wes_15.sample_2	UTRs_norm	3101804739	49244280	49244280	1	58583202	58583202	55068109	1	0.939998	50700130	0.92068	5397257988	718100893	388505711	4290651384	718100893	0.205031	0.794969	0.648922	14.582422	15.734847	0.114559	0.114559	8.38052	0.16575	?	0.332211	0.225831	0.190216	0.161338	0.134722	0.110798	0.03946	44340761	-1	-1	-1	-1	-1	-1	0	0			
wes_15.sample_60	UTRs_norm	3101804739	49244280	49244280	1	70445920	70445920	64278968	1	0.912458	59030977	0.918356	6281582436	864868691	464070810	4952642935	864868691	0.211561	0.788439	0.650796	17.562825	18.750607	0.114739	0.114739	8.672409	0.150683	?	0.348185	0.229548	0.199879	0.17712	0.155791	0.13481	0.05614	35825213	-1	-1	-1	-1	-1	-1	0	0			
wes_15.sample_61	UTRs_norm	3101804739	49244280	49244280	1	71200768	71200768	64777018	1	0.90978	59225129	0.914292	6304999370	917766847	495537593	4891694930	917766847	0.224156	0.775844	0.649377	18.637024	20.133727	0.120466	0.120466	9.168662	0.167606	?	0.323147	0.230191	0.201827	0.18024	0.160224	0.140691	0.063496	37866733	-1	-1	-1	-1	-1	-1	0	0			
wes_15.sample_66	UTRs_norm	3101804739	49244280	49244280	1	66703334	66703334	62204672	1	0.932557	56276327	0.904696	5988960617	848124405	458919516	4681916696	848124405	0.218242	0.781758	0.648887	17.2228	18.647742	0.118831	0.118831	8.920039	0.169413	?	0.326558	0.233008	0.200335	0.174863	0.151582	0.129747	0.054185	48342249	-1	-1	-1	-1	-1	-1	0	0			
wes_15.sample_67	UTRs_norm	3101804739	49244280	49244280	1	73283224	73283224	68095787	1	0.929214	62577332	0.91896	6669287498	984223592	529823753	5155240153	984223592	0.227018	0.772982	0.650061	19.986557	21.796552	0.125518	0.125518	9.295505	0.175628	?	0.318318	0.241499	0.211106	0.188226	0.167351	0.147263	0.06829	52142370	-1	-1	-1	-1	-1	-1	0	0			
wes_16.sample_21	UTRs_norm	3101804739	49244280	49244280	1	63245214	63245214	56201429	1	0.888627	50466371	0.897955	6245362719	737460316	443925153	5063977250	737460316	0.189162	0.810838	0.624233	14.975553	15.847386	0.093283	0.093283	7.437717	0.135666	?	0.386846	0.220121	0.182856	0.153735	0.127697	0.10466	0.040494	23289380	-1	-1	-1	-1	-1	-1	0	0			
wes_16.sample_CH00277	UTRs_norm	3101804739	49244280	49244280	1	46928194	46928194	45715598	1	0.974161	43752889	0.957067	5403662823	722538699	473786499	4207337625	722538699	0.221392	0.778608	0.603965	14.672541	15.75759	0.123173	0.123173	8.422316	0.154669	?	0.362614	0.24761	0.212711	0.18375	0.155806	0.128194	0.029877	90637216	-1	-1	-1	-1	-1	-1	0	0			
wes_16.sample_CH00278	UTRs_norm	3101804739	49244280	49244280	1	55250094	55250094	53675257	1	0.971496	51460402	0.958736	6366462701	871046921	576397075	4919018705	871046921	0.227355	0.772645	0.601783	17.688286	18.900472	0.126124	0.126124	8.617911	0.147998	?	0.369098	0.254311	0.223605	0.199443	0.176676	0.153645	0.053083	98980268	-1	-1	-1	-1	-1	-1	0	0			
wes_16.sample_CH00279	UTRs_norm	3101804739	49244280	49244280	1	57938680	57938680	56821237	1	0.980713	54578800	0.960535	6771484123	933648828	610081145	5227754150	933648828	0.227975	0.772025	0.604801	18.959539	20.003378	0.128915	0.128915	8.684771	0.126053	?	0.402362	0.266602	0.234556	0.210441	0.188003	0.165339	0.058809	160293446	-1	-1	-1	-1	-1	-1	0	0			
wes_16.sample_CH00281	UTRs_norm	3101804739	49244280	49244280	1	66470286	66470286	60308162	1	0.907295	54603196	0.905403	6741794606	730854117	430735189	5580205300	730854117	0.172297	0.827703	0.629185	14.841401	15.476589	0.087962	0.087962	6.82832	0.109925	?	0.443768	0.214851	0.179101	0.150848	0.125529	0.102892	0.039599	27048187	-1	-1	-1	-1	-1	-1	0	0			
wes_16.sample_CH00282	UTRs_norm	3101804739	49244280	49244280	1	53193512	53193512	52292184	1	0.983056	50192875	0.959854	6226989790	864556982	562154996	4800277812	864556982	0.229117	0.770883	0.605979	17.556496	18.640493	0.130024	0.130024	8.745288	0.136238	?	0.382216	0.261481	0.229117	0.203694	0.179382	0.154939	0.04835	168547561	-1	-1	-1	-1	-1	-1	0	0			
wes_16.sample_CH00283	UTRs_norm	3101804739	49244280	49244280	1	51917246	51917246	50875135	1	0.979927	48798953	0.959191	6046559622	823168419	543688511	4679702692	823168419	0.226055	0.773945	0.602235	16.716021	17.796439	0.126843	0.126843	8.575097	0.141882	?	0.378127	0.257029	0.224413	0.198749	0.173982	0.148797	0.042505	135225058	-1	-1	-1	-1	-1	-1	0	0			
wes_16.sample_CH00284	UTRs_norm	3101804739	49244280	49244280	1	44318616	44318616	42839578	1	0.966627	41018662	0.957495	5067990903	675256226	445360098	3947374579	675256226	0.221116	0.778884	0.602576	13.712379	14.802764	0.121891	0.121891	8.392502	0.16289	?	0.355593	0.246354	0.209266	0.178246	0.147921	0.118432	0.023255	65462715	-1	-1	-1	-1	-1	-1	0	0			
wes_16.sample_CH00285	UTRs_norm	3101804739	49244280	49244280	1	46946504	46946504	46136603	1	0.982748	44299273	0.960176	5492897304	723905897	471953081	4297038326	723905897	0.21771	0.78229	0.605344	14.700304	15.607698	0.123358	0.123358	8.30117	0.137265	?	0.389977	0.257068	0.220272	0.190154	0.160238	0.129949	0.024804	137732579	-1	-1	-1	-1	-1	-1	0	0			
wes_16.sample_CH00286	UTRs_norm	3101804739	49244280	49244280	1	54494498	54494498	53611831	1	0.983803	51510562	0.960806	6386847093	856653845	559911583	4970281665	856653845	0.221794	0.778206	0.60474	17.396007	18.31696	0.12576	0.12576	8.448459	0.124122	?	0.40737	0.263267	0.230087	0.204813	0.180431	0.155369	0.044764	174496582	-1	-1	-1	-1	-1	-1	0	0			
wes_16.sample_CH00287	UTRs_norm	3101804739	49244280	49244280	1	85487430	85487430	77441288	1	0.905879	70297652	0.907754	8692674091	895038423	531058253	7266577415	895038423	0.164057	0.835943	0.627614	18.17548	18.812183	0.083759	0.083759	6.485552	0.092256	?	0.496856	0.227976	0.192698	0.16682	0.143963	0.122512	0.05335	32820927	-1	-1	-1	-1	-1	-1	0	0			
wes_16.sample_CH00288	UTRs_norm	3101804739	49244280	49244280	1	48156046	48156046	41879615	1	0.869665	37320806	0.891145	4611227458	636641383	384537769	3590048306	636641383	0.221455	0.778545	0.623438	12.92823	14.108092	0.105763	0.105763	8.696349	0.177733	?	0.309711	0.20858	0.171895	0.141656	0.114694	0.091677	0.033146	17247474	-1	-1	-1	-1	-1	-1	0	0			
wes_16.sample_CH00292	UTRs_norm	3101804739	49244280	49244280	1	53458006	53458006	46530510	1	0.870412	41254687	0.886616	5090530557	716747219	427663546	3946119792	716747219	0.224812	0.775188	0.626302	14.554933	15.7961	0.107261	0.107261	8.868734	0.171725	?	0.316897	0.211495	0.177726	0.15071	0.126231	0.104109	0.040822	19517151	-1	-1	-1	-1	-1	-1	0	0			
wes_16.sample_CH00293	UTRs_norm	3101804739	49244280	49244280	1	64972274	64972274	57035930	1	0.87785	50847066	0.891492	6291455630	875982788	527633810	4887839032	875982788	0.223099	0.776901	0.62409	17.788519	19.25251	0.107859	0.107859	8.770071	0.167622	?	0.328212	0.221926	0.189812	0.165493	0.143659	0.123402	0.055401	25327979	-1	-1	-1	-1	-1	-1	0	0			
wes_16.sample_CH00294	UTRs_norm	3101804739	49244280	49244280	1	68205042	68205042	59762119	1	0.876213	53104774	0.888603	6553098767	895200871	538115115	5119782781	895200871	0.218723	0.781277	0.624566	18.178779	19.541728	0.105001	0.105001	8.604635	0.15839	?	0.341572	0.222863	0.191082	0.167156	0.145676	0.125592	0.057089	25607153	-1	-1	-1	-1	-1	-1	0	0			
wes_16.sample_CH00295	UTRs_norm	3101804739	49244280	49244280	1	51778662	51778662	45248400	1	0.873881	40125812	0.88679	4959471240	688214025	412197103	3859060112	688214025	0.221881	0.778119	0.625415	13.975512	15.185008	0.106332	0.106332	8.740712	0.172603	?	0.317567	0.210702	0.175276	0.146972	0.121543	0.099167	0.037938	19263425	-1	-1	-1	-1	-1	-1	0	0			
wes_16.sample_CH00296	UTRs_norm	3101804739	49244280	49244280	1	64569674	64569674	56448947	1	0.874233	50300449	0.891079	6200922436	841174838	503739220	4856008378	841174838	0.216889	0.783111	0.625449	17.081676	18.334026	0.104219	0.104219	8.544539	0.157503	?	0.342003	0.218932	0.186997	0.162661	0.140519	0.119841	0.052267	23604537	-1	-1	-1	-1	-1	-1	0	0			
wes_16.sample_CH00297	UTRs_norm	3101804739	49244280	49244280	1	55825150	55825150	48896119	1	0.87588	43581818	0.891314	5381182124	740110496	444227842	4196843786	740110496	0.220089	0.779911	0.624915	15.02937	16.26694	0.106061	0.106061	8.663184	0.167457	?	0.325393	0.212746	0.179408	0.152977	0.129046	0.107361	0.043077	21119921	-1	-1	-1	-1	-1	-1	0	0			
wes_16.sample_CH00298	UTRs_norm	3101804739	49244280	49244280	1	47001512	47001512	41033704	1	0.873029	36408296	0.887278	4496683221	625178831	375794570	3495709820	625178831	0.222603	0.777397	0.624571	12.695461	13.844457	0.10641	0.10641	8.757308	0.177526	?	0.307896	0.205323	0.169301	0.139631	0.113066	0.090237	0.03236	17405967	-1	-1	-1	-1	-1	-1	0	0			
wes_16.sample_CH00329	UTRs_norm	3101804739	49244280	49244280	1	60195930	60195930	54663878	1	0.908099	49496699	0.905474	6098133031	641804335	378513563	5077815133	641804335	0.167316	0.832684	0.629024	13.033074	13.633624	0.085295	0.085295	6.62925	0.11537	?	0.43775	0.211996	0.17268	0.14078	0.112219	0.088309	0.030813	24013860	-1	-1	-1	-1	-1	-1	0	0			
wes_1.sample_68	UTRs_norm	3101804739	49244280	49244280	1	135336400	135336400	127118907	1	0.939281	118224869	0.930034	11279805619	1092500080	489665046	9697640493	1092500080	0.140265	0.859735	0.69051	22.185319	22.752141	0.082372	0.082372	6.100684	0.068057	22.752141	0.623474	0.293068	0.240507	0.206447	0.178851	0.154529	0.069812	59940453	-1	-1	-1	-1	-1	-1	0	0			
wes_1.sample_69	UTRs_norm	3101804739	49244280	49244280	1	143648586	143648586	128596615	1	0.895217	118646679	0.922627	10866651521	1209251190	554803222	9102597109	1209251190	0.162337	0.837663	0.685495	24.556176	25.079815	0.085899	0.085899	7.009377	0.061435	?	0.570812	0.245048	0.211459	0.191434	0.175779	0.162006	0.100242	39018929	-1	-1	-1	-1	-1	-1	0	0			
wes_1.sample_70	UTRs_norm	3101804739	49244280	49244280	1	122092250	122092250	114574441	1	0.938425	105693588	0.922488	10051759071	1054088733	474486353	8523183985	1054088733	0.15207	0.84793	0.689589	21.405303	21.988313	0.088097	0.088097	6.605319	0.073535	?	0.580317	0.282553	0.231881	0.199923	0.174711	0.152191	0.068652	59317840	-1	-1	-1	-1	-1	-1	0	0			
wes_1.sample_77	UTRs_norm	3101804739	49244280	49244280	1	111199226	111199226	101726342	1	0.914812	93278169	0.916952	8371715134	988794570	443915991	6939004573	988794570	0.171137	0.828863	0.690157	20.079379	20.639233	0.090736	0.090736	7.439612	0.078159	?	0.501531	0.226441	0.195269	0.175594	0.159395	0.144629	0.078171	40115569	-1	-1	-1	-1	-1	-1	0	0			
wes_1.sample_78	UTRs_norm	3101804739	49244280	49244280	1	98929468	98929468	90016761	1	0.909908	82307916	0.914362	7150506620	870378237	381873082	5898255301	870378237	0.175128	0.824872	0.695051	17.674707	18.249075	0.089775	0.089775	7.667078	0.091601	?	0.460014	0.206493	0.179393	0.161129	0.145565	0.131217	0.067912	33414284	-1	-1	-1	-1	-1	-1	0	0			
wes_20.sample_CH00289	UTRs_norm	3101804739	49244280	49244280	1	48382288	48382288	44618502	1	0.922207	41001304	0.918931	4127888235	588457557	296673709	3242756969	588457557	0.214427	0.785573	0.664825	11.949765	12.863272	0.120422	0.120422	8.97937	0.162219	?	0.310263	0.216181	0.182541	0.15257	0.121924	0.093853	0.023965	28722092	-1	-1	-1	-1	-1	-1	0	0			
wes_20.sample_CH00308	UTRs_norm	3101804739	49244280	49244280	1	86341856	86341856	78482010	1	0.908968	72587973	0.9249	7307619061	1011906699	505992624	5789719738	1011906699	0.207715	0.792285	0.666649	20.548715	21.509311	0.116037	0.116037	8.722144	0.117782	?	0.382054	0.236209	0.20991	0.191057	0.174169	0.157081	0.073969	42068214	-1	-1	-1	-1	-1	-1	0	0			
wes_20.sample_CH00309	UTRs_norm	3101804739	49244280	49244280	1	52095158	52095158	48532640	1	0.931615	44729064	0.921628	4502809735	648573233	325446526	3528789976	648573233	0.216314	0.783686	0.665873	13.170529	14.092996	0.123265	0.123265	9.072649	0.153915	?	0.318662	0.219359	0.188153	0.161479	0.133682	0.106524	0.030406	36182661	-1	-1	-1	-1	-1	-1	0	0			
wes_20.sample_CH00310	UTRs_norm	3101804739	49244280	49244280	1	62993888	62993888	57488564	1	0.912605	53060402	0.922973	5341373090	775050163	387017064	4179305863	775050163	0.21756	0.78244	0.666958	15.738887	16.742172	0.121818	0.121818	9.139776	0.145064	?	0.332309	0.223077	0.195442	0.173904	0.152425	0.129729	0.04651	33365763	-1	-1	-1	-1	-1	-1	0	0			
wes_20.sample_CH00311	UTRs_norm	3101804739	49244280	49244280	1	61916612	61916612	56265318	1	0.908727	51454414	0.914496	5177944536	737053912	371809053	4069081571	737053912	0.214151	0.785849	0.664693	14.9673	15.946059	0.117861	0.117861	8.966037	0.147857	?	0.331804	0.223845	0.194056	0.170085	0.146549	0.122531	0.040902	30569806	-1	-1	-1	-1	-1	-1	0	0			
wes_20.sample_CH00532	UTRs_norm	3101804739	49244280	49244280	1	66386950	66386950	60012999	1	0.903988	55569091	0.925951	5596526392	793906664	402616052	4400003676	793906664	0.213797	0.786203	0.663512	16.121805	17.157553	0.118404	0.118404	8.935309	0.145702	?	0.339179	0.230192	0.199907	0.176643	0.154237	0.131237	0.047573	31395789	-1	-1	-1	-1	-1	-1	0	0			
wes_20.sample_CH00533	UTRs_norm	3101804739	49244280	49244280	1	73386674	73386674	66279484	1	0.903154	61411703	0.926557	6186332483	875313231	443710531	4867308721	875313231	0.213216	0.786784	0.663607	17.774922	18.823018	0.118093	0.118093	8.912282	0.137647	?	0.350005	0.234393	0.205686	0.183794	0.163138	0.141907	0.057052	34474373	-1	-1	-1	-1	-1	-1	0	0			
wes_20.sample_CH00632	UTRs_norm	3101804739	49244280	49244280	1	64783806	64783806	59012092	1	0.910908	54535610	0.924143	5491712889	767318006	386219401	4338175482	767318006	0.210051	0.789949	0.665187	15.581871	16.542727	0.11727	0.11727	8.800883	0.142685	?	0.339341	0.227796	0.196756	0.171933	0.148183	0.124792	0.044491	32458008	-1	-1	-1	-1	-1	-1	0	0			
wes_21.sample_CH00290	UTRs_norm	3101804739	49244280	49244280	1	63819042	63819042	60014711	1	0.940389	54303774	0.904841	5462942925	665860645	332731431	4464350849	665860645	0.182794	0.817206	0.666799	13.521584	14.312237	0.103303	0.103303	7.677421	0.138127	?	0.361508	0.212923	0.175386	0.146389	0.120103	0.096938	0.034621	43862150	-1	-1	-1	-1	-1	-1	0	0			
wes_21.sample_CH00301	UTRs_norm	3101804739	49244280	49244280	1	56437128	56437128	51279260	1	0.908609	45750722	0.892188	4598068437	571881324	280870848	3745316265	571881324	0.185459	0.814541	0.67063	11.613152	12.294207	0.100327	0.100327	7.834101	0.139354	?	0.346157	0.203777	0.166102	0.134394	0.105854	0.082136	0.025873	24385149	-1	-1	-1	-1	-1	-1	0	0			
wes_21.sample_CH00304	UTRs_norm	3101804739	49244280	49244280	1	59403944	59403944	54506176	1	0.917551	48754327	0.894473	4903481951	600699817	297462317	4005319817	600699817	0.183168	0.816832	0.66881	12.198367	12.896144	0.10012	0.10012	7.716344	0.136486	?	0.353572	0.205911	0.16904	0.138523	0.110859	0.08709	0.028589	28541846	-1	-1	-1	-1	-1	-1	0	0			
wes_21.sample_CH00307	UTRs_norm	3101804739	49244280	49244280	1	61575072	61575072	56513569	1	0.917799	50592516	0.895228	5084843666	643406461	314192413	4127244792	643406461	0.188324	0.811676	0.671896	13.065608	13.772279	0.103457	0.103457	7.97015	0.131348	?	0.354941	0.206727	0.173183	0.145071	0.118641	0.095254	0.032996	30456552	-1	-1	-1	-1	-1	-1	0	0			
wes_27.sample_37	UTRs_norm	3101804739	49244280	49244280	1	50854050	50854050	46968491	1	0.923594	43383804	0.923679	4363591968	536376757	263804329	3563410882	536376757	0.183377	0.816623	0.670319	10.892164	11.439103	0.104429	0.104429	7.742558	0.125994	?	0.360457	0.208888	0.172595	0.13841	0.105366	0.078086	0.019729	25991742	-1	-1	-1	-1	-1	-1	0	0			
wes_27.sample_38	UTRs_norm	3101804739	49244280	49244280	1	46245292	46245292	42880618	1	0.927243	39835992	0.928998	4007471858	480072372	237415913	3289983573	480072372	0.179038	0.820962	0.669101	9.748795	10.276565	0.102782	0.102782	7.545619	0.132268	?	0.352313	0.20684	0.165223	0.125579	0.090472	0.064351	0.014584	24522007	-1	-1	-1	-1	-1	-1	0	0			
wes_2.sample_62	UTRs_norm	3101804739	49244280	49244280	1	96289682	96289682	85122683	1	0.884027	79464427	0.933528	9929493396	1081258983	703094566	8145139847	1081258983	0.179702	0.820298	0.605967	21.957047	22.709023	0.089121	0.089121	6.859008	0.094129	?	0.528759	0.271724	0.23723	0.212301	0.190213	0.16877	0.072293	33857379	-1	-1	-1	-1	-1	-1	0	0			
wes_2.sample_68	UTRs_norm	3101804739	49244280	49244280	1	110702996	110702996	98100496	1	0.886159	92022878	0.938047	11495069252	1247845037	807974392	9439249823	1247845037	0.178844	0.821156	0.606982	25.339898	26.074232	0.08946	0.08946	6.837664	0.082212	?	0.566479	0.280509	0.246816	0.22335	0.203281	0.18434	0.093456	39845478	-1	-1	-1	-1	-1	-1	0	0			
wes_2.sample_79	UTRs_norm	3101804739	49244280	49244280	1	101339624	101339624	89659805	1	0.884746	84103089	0.938024	10511178866	1140920794	738537310	8631720762	1140920794	0.178806	0.821194	0.607048	23.168595	23.927617	0.089352	0.089352	6.836955	0.091552	?	0.541274	0.278752	0.243591	0.218399	0.196488	0.17536	0.078981	35954734	-1	-1	-1	-1	-1	-1	0	0			
wes_2.sample_80	UTRs_norm	3101804739	49244280	49244280	1	94542966	94542966	83671850	1	0.885014	78277374	0.935528	9780473524	1061941774	691083022	8027448728	1061941774	0.179237	0.820763	0.605777	21.564774	22.284599	0.089146	0.089146	6.839108	0.092969	?	0.528282	0.271231	0.236409	0.211212	0.188685	0.166808	0.069408	33691909	-1	-1	-1	-1	-1	-1	0	0			
wes_2.sample_83	UTRs_norm	3101804739	49244280	49244280	1	92921162	92921162	82224067	1	0.88488	76711475	0.932956	9574160103	1045606975	677276582	7851276546	1045606975	0.179951	0.820049	0.606894	21.233065	21.935561	0.089307	0.089307	6.879018	0.093135	?	0.524847	0.268447	0.233958	0.208743	0.186197	0.164296	0.067858	32940860	-1	-1	-1	-1	-1	-1	0	0			
wes_2.sample_95	UTRs_norm	3101804739	49244280	49244280	1	93359516	93359516	82540252	1	0.884112	76803528	0.930498	9591498779	1053941520	683554131	7854003128	1053941520	0.18115	0.81885	0.606587	21.402314	22.132917	0.089596	0.089596	6.921316	0.094328	?	0.526327	0.271868	0.236441	0.210875	0.187984	0.165828	0.068369	32971263	-1	-1	-1	-1	-1	-1	0	0			
wes_32.sample_A13-2	UTRs_norm	3101804739	49244280	49244280	1	33534340	33534340	26382821	1	0.78674	24477259	0.927773	3593156089	458122012	344371328	2790662749	458122012	0.223339	0.776661	0.570873	9.30305	9.936364	0.092168	0.092168	8.030891	0.155763	?	0.371073	0.230433	0.17893	0.129037	0.084205	0.050715	0.005552	7058843	-1	-1	-1	-1	-1	-1	0	0			
wes_32.sample_A6-2	UTRs_norm	3101804739	49244280	49244280	1	29293054	29293054	22266072	1	0.760114	20581010	0.924322	2989459253	397938518	296420398	2295100337	397938518	0.232269	0.767731	0.573102	8.080908	8.712222	0.092685	0.092685	8.384593	0.166628	?	0.354168	0.218976	0.162653	0.108469	0.064206	0.035202	0.004139	5586410	-1	-1	-1	-1	-1	-1	0	0			
wes_32.sample_A7-2	UTRs_norm	3101804739	49244280	49244280	1	38877880	38877880	30306804	1	0.779538	28074842	0.926354	4130827721	533979618	399491260	3197356843	533979618	0.225977	0.774023	0.572037	10.843485	11.529332	0.092507	0.092507	8.142284	0.148876	?	0.385905	0.241157	0.194096	0.150463	0.108077	0.072016	0.008123	7932158	-1	-1	-1	-1	-1	-1	0	0			
wes_39.sample_Almaz01	UTRs_norm	3101804739	49244280	49244280	1	102514954	102514954	95172985	1	0.928381	91137402	0.957597	11295120162	1526776769	972378353	8795965040	1526776769	0.22126	0.77874	0.610917	31.004144	32.100933	0.119146	0.119146	8.51419	0.091519	?	0.47738	0.28683	0.257041	0.236732	0.219372	0.203236	0.128561	72581726	-1	-1	-1	-1	-1	-1	0	0			
wes_39.sample_Almaz02	UTRs_norm	3101804739	49244280	49244280	1	123314822	123314822	117017083	1	0.94893	111910544	0.956361	13840446895	1618320243	1013409048	11208717604	1618320243	0.190148	0.809852	0.614927	32.863111	33.473433	0.104988	0.104988	7.365004	0.051051	?	0.627058	0.301157	0.264978	0.24358	0.22581	0.209306	0.132372	107288641	-1	-1	-1	-1	-1	-1	0	0			
wes_39.sample_Almaz03	UTRs_norm	3101804739	49244280	49244280	1	112462846	112462846	106738969	1	0.949104	102350148	0.958883	12696255402	1745830621	1107286789	9843137992	1745830621	0.224721	0.775279	0.611903	35.452455	36.580114	0.124189	0.124189	8.661341	0.082386	?	0.503548	0.301108	0.269003	0.248626	0.231996	0.216704	0.14592	115364192	-1	-1	-1	-1	-1	-1	0	0			
wes_39.sample_Almaz04	UTRs_norm	3101804739	49244280	49244280	1	125196190	125196190	116285124	1	0.928823	111422305	0.958182	13815517820	1939431549	1239856141	10636230130	1939431549	0.230124	0.769876	0.610021	39.383895	40.903146	0.123929	0.123929	8.842314	0.096707	?	0.468243	0.292042	0.264344	0.246323	0.231496	0.217962	0.158163	92926986	-1	-1	-1	-1	-1	-1	0	0			
wes_39.sample_Almaz05	UTRs_norm	3101804739	49244280	49244280	1	118577528	118577528	113266728	1	0.955212	108714638	0.959811	13482649764	1837077541	1163376623	10482195600	1837077541	0.222542	0.777458	0.612266	37.3054	38.405737	0.123941	0.123941	8.582442	0.078051	?	0.516645	0.300828	0.268937	0.249011	0.232691	0.217879	0.1505	138097880	-1	-1	-1	-1	-1	-1	0	0			
wes_39.sample_Almaz06	UTRs_norm	3101804739	49244280	49244280	1	107992018	107992018	102685095	1	0.950858	98462860	0.958882	12225725132	1665110575	1048827783	9511786774	1665110575	0.221986	0.778014	0.61354	33.813279	34.914998	0.123351	0.123351	8.578811	0.082991	?	0.506082	0.305406	0.270818	0.248591	0.230099	0.213185	0.136156	113593956	-1	-1	-1	-1	-1	-1	0	0			
wes_39.sample_Almaz07	UTRs_norm	3101804739	49244280	49244280	1	119590830	119590830	113482287	1	0.948921	108643993	0.957365	13471055172	1768884434	1119919110	10582251628	1768884434	0.214445	0.785555	0.612324	35.920607	36.903274	0.118329	0.118329	8.270971	0.074745	?	0.534488	0.299117	0.266987	0.2465	0.22969	0.214428	0.146	116279760	-1	-1	-1	-1	-1	-1	0	0			
wes_39.sample_Almaz08	UTRs_norm	3101804739	49244280	49244280	1	135410722	135410722	128588775	1	0.94962	123240284	0.958406	15261547417	2124215398	1348466144	11788865875	2124215398	0.227545	0.772455	0.611693	43.136287	44.386521	0.125498	0.125498	8.767154	0.076203	?	0.524851	0.304927	0.273791	0.255275	0.240567	0.227517	0.169452	141768984	-1	-1	-1	-1	-1	-1	0	0			
wes_39.sample_Almaz09	UTRs_norm	3101804739	49244280	49244280	1	122992184	122992184	116269740	1	0.945343	111325652	0.957477	13792684467	1808588016	1133655090	10850441361	1808588016	0.213319	0.786681	0.614697	36.726865	37.629583	0.117639	0.117639	8.259419	0.066996	?	0.554342	0.302599	0.268218	0.246875	0.22936	0.213619	0.145015	110359785	-1	-1	-1	-1	-1	-1	0	0			
wes_39.sample_SSExomesv6DNA01indexA01	UTRs_norm	3101804739	49244280	49244280	1	81971300	81971300	78251949	1	0.954626	75285618	0.962093	9438424684	1403584558	948457921	7086382205	1403584558	0.249199	0.750801	0.596751	28.502489	30.796797	0.135896	0.135896	9.36694	0.155514	?	0.373249	0.286505	0.257834	0.238373	0.222169	0.207274	0.129435	106813826	-1	-1	-1	-1	-1	-1	0	0			
wes_39.sample_SSExomesv6DNA02indexB01	UTRs_norm	3101804739	49244280	49244280	1	71944658	71944658	69401444	1	0.96465	66573603	0.959254	8343459641	1175984719	775243468	6392231454	1175984719	0.233863	0.766137	0.602689	23.880636	25.33781	0.129728	0.129728	8.87798	0.131274	?	0.42435	0.300689	0.263074	0.238024	0.21723	0.197484	0.0914	112936233	-1	-1	-1	-1	-1	-1	0	0			
wes_39.sample_SSExomesv6DNA03indexC01	UTRs_norm	3101804739	49244280	49244280	1	89323920	89323920	86075152	1	0.963629	82772880	0.961635	10339120618	1585061621	1058065912	7695993085	1585061621	0.255643	0.744357	0.599692	32.187731	34.555386	0.140834	0.140834	9.656533	0.148097	?	0.372008	0.28271	0.257313	0.240413	0.226576	0.214041	0.148521	147826342	-1	-1	-1	-1	-1	-1	0	0			
wes_39.sample_SSExomesv6DNA04indexD01	UTRs_norm	3101804739	49244280	49244280	1	80171224	80171224	77431076	1	0.965821	74395401	0.960795	9319563536	1415521939	947216382	6956825215	1415521939	0.253525	0.746475	0.599102	28.744901	30.938639	0.140129	0.140129	9.567086	0.150161	?	0.380137	0.288658	0.259915	0.240279	0.223741	0.208067	0.125041	141304401	-1	-1	-1	-1	-1	-1	0	0			
wes_39.sample_SSExomesv6DNA05indexE01	UTRs_norm	3101804739	49244280	49244280	1	74967156	74967156	73086649	1	0.974916	70008426	0.957883	8715421240	1196581707	786818571	6732020962	1196581707	0.227574	0.772426	0.603298	24.298897	25.229433	0.126678	0.126678	8.647939	0.096466	?	0.457786	0.282367	0.251682	0.230626	0.212104	0.193719	0.093691	161224875	-1	-1	-1	-1	-1	-1	0	0			
wes_39.sample_SSExomesv6DNA06indexF01	UTRs_norm	3101804739	49244280	49244280	1	89512420	89512420	86601003	1	0.967475	83054467	0.959047	10381458237	1408651662	937592201	8035214374	1408651662	0.226003	0.773997	0.600386	28.605386	29.589312	0.124896	0.124896	8.546807	0.088941	?	0.480968	0.285606	0.256541	0.237664	0.221935	0.207291	0.126982	148414007	-1	-1	-1	-1	-1	-1	0	0			
wes_39.sample_SSExomesv6DNA07indexG01	UTRs_norm	3101804739	49244280	49244280	1	80120474	80120474	77595438	1	0.968485	74528886	0.96048	9349428182	1259236871	833587717	7256603594	1259236871	0.223845	0.776155	0.601693	25.571231	26.573604	0.124736	0.124736	8.483617	0.09877	?	0.463226	0.290213	0.258492	0.237082	0.218841	0.201419	0.105909	135613515	-1	-1	-1	-1	-1	-1	0	0			
wes_39.sample_SSExomesv6DNA08indexH01	UTRs_norm	3101804739	49244280	49244280	1	85386220	85386220	82590778	1	0.967261	79398772	0.961352	9956139163	1504299812	1010269732	7441569619	1504299812	0.252565	0.747435	0.598234	30.547706	32.849578	0.139822	0.139822	9.517045	0.151031	?	0.371327	0.283417	0.25725	0.239415	0.224597	0.211025	0.140838	156768663	-1	-1	-1	-1	-1	-1	0	0			
wes_39.sample_SSExomesv6DNA09indexA02	UTRs_norm	3101804739	49244280	49244280	1	75817710	75817710	73773350	1	0.973036	71069311	0.963347	8922411922	1299204874	869092195	6754114853	1299204874	0.243017	0.756983	0.599182	26.382859	28.466125	0.135999	0.135999	9.171789	0.15389	?	0.393728	0.300829	0.265971	0.242289	0.222742	0.204793	0.112626	164212288	-1	-1	-1	-1	-1	-1	0	0			
wes_39.sample_SSExomesv6DNA10indexB02	UTRs_norm	3101804739	49244280	49244280	1	79966018	79966018	77329804	1	0.967033	74302553	0.960853	9306069357	1404031900	937988831	6964048626	1404031900	0.251666	0.748334	0.599496	28.511573	30.652718	0.139348	0.139348	9.503189	0.149473	?	0.373787	0.284412	0.257194	0.238666	0.222969	0.208197	0.126538	144740896	-1	-1	-1	-1	-1	-1	0	0			
wes_3.sample_116.merged	UTRs_norm	3101804739	49244280	49244280	1	77025686	77025686	72531171	1	0.941649	64966871	0.89571	6018849856	757688977	358581544	4902579335	757688977	0.185462	0.814538	0.678768	15.386335	16.025007	0.097394	0.097394	7.929323	0.110281	?	0.401915	0.20889	0.175307	0.151749	0.13175	0.113684	0.047883	48415058	-1	-1	-1	-1	-1	-1	0	0			
wes_3.sample_153.merged	UTRs_norm	3101804739	49244280	49244280	1	94787706	94787706	89297132	1	0.942075	80301275	0.899259	7634995671	932937276	448254363	6253804032	932937276	0.180903	0.819097	0.675458	18.945089	19.65438	0.097449	0.097449	7.69666	0.09998	?	0.438373	0.227772	0.193493	0.170507	0.151354	0.133901	0.064744	59599332	-1	-1	-1	-1	-1	-1	0	0			
wes_3.sample_163.merged	UTRs_norm	3101804739	49244280	49244280	1	76755254	76755254	72698544	1	0.947147	65574470	0.902005	6268886745	756454968	366459954	5145971823	756454968	0.179125	0.820875	0.673653	15.361276	16.063024	0.097578	0.097578	7.60066	0.116025	?	0.406134	0.219478	0.182384	0.15654	0.134418	0.114358	0.044422	52827093	-1	-1	-1	-1	-1	-1	0	0			
wes_3.sample_164.merged	UTRs_norm	3101804739	49244280	49244280	1	87312688	87312688	82128418	1	0.940624	73734411	0.897794	7037286724	853843639	412016529	5771426556	853843639	0.179879	0.820121	0.674517	17.33894	18.053734	0.096823	0.096823	7.642435	0.107663	?	0.427986	0.230255	0.192009	0.166506	0.14536	0.126182	0.054793	53412796	-1	-1	-1	-1	-1	-1	0	0			
wes_3.sample_165.merged	UTRs_norm	3101804739	49244280	49244280	1	76619584	76619584	71923855	1	0.938714	64381317	0.895132	6067218995	755932443	361218928	4950067624	755932443	0.184129	0.815871	0.676661	15.350665	16.054567	0.097684	0.097684	7.847873	0.117384	?	0.399459	0.21568	0.179625	0.154677	0.133447	0.114288	0.045817	46446519	-1	-1	-1	-1	-1	-1	0	0			
wes_3.sample_166.merged	UTRs_norm	3101804739	49244280	49244280	1	95433590	95433590	90105740	1	0.944172	80909491	0.897939	7620794382	910412524	434670057	6275711801	910412524	0.176502	0.823498	0.676845	18.487681	19.138259	0.094453	0.094453	7.524829	0.095977	?	0.444752	0.22475	0.190113	0.167064	0.147966	0.130665	0.062856	60692769	-1	-1	-1	-1	-1	-1	0	0			
wes_3.sample_167.merged	UTRs_norm	3101804739	49244280	49244280	1	85756164	85756164	80885919	1	0.943208	72606694	0.897643	6809872720	875532319	416270151	5518070250	875532319	0.189696	0.810304	0.67776	17.779371	18.541429	0.101085	0.101085	8.098263	0.111052	?	0.404941	0.218162	0.185248	0.162845	0.144085	0.127002	0.060717	58456625	-1	-1	-1	-1	-1	-1	0	0			
wes_3.sample_168.merged	UTRs_norm	3101804739	49244280	49244280	1	94084020	94084020	88747293	1	0.943277	79834780	0.899574	7663571782	953224141	460990333	6249357308	953224141	0.184537	0.815463	0.674031	19.357053	20.171947	0.100313	0.100313	7.834702	0.109337	?	0.426095	0.233735	0.197856	0.173942	0.154343	0.136685	0.066199	63574848	-1	-1	-1	-1	-1	-1	0	0			
wes_3.sample_83.merged	UTRs_norm	3101804739	49244280	49244280	1	233835742	233835742	227163302	1	0.971465	208582623	0.918206	20941748228	1994812257	999943137	17946992834	1994812257	0.143004	0.856996	0.666102	40.508507	41.09374	0.084464	0.084464	5.999952	0.037617	41.09374	0.785124	0.290002	0.255015	0.234726	0.217921	0.202981	0.142955	271545681	652.313915	-1	-1	-1	-1	-1	0	0			
wes_3.sample_93.merged	UTRs_norm	3101804739	49244280	49244280	1	72874934	72874934	68505821	1	0.940046	61008481	0.890559	5688283586	752309190	356569638	4579404758	752309190	0.194941	0.805059	0.678441	15.277088	16.007625	0.102211	0.102211	8.330552	0.122041	?	0.380823	0.208613	0.175522	0.151996	0.131725	0.113457	0.04741	47592103	-1	-1	-1	-1	-1	-1	0	0			
wes_3.sample_94.merged	UTRs_norm	3101804739	49244280	49244280	1	77773244	77773244	73389735	1	0.943637	65823390	0.896902	6175051971	765494718	365047880	5044509373	765494718	0.183082	0.816918	0.677104	15.544845	16.205764	0.097452	0.097452	7.808367	0.110679	?	0.407013	0.213904	0.179313	0.155145	0.134247	0.115357	0.047274	50282468	-1	-1	-1	-1	-1	-1	0	0			
wes_3.sample_95.merged	UTRs_norm	3101804739	49244280	49244280	1	260266670	260266670	252761237	1	0.971163	231793148	0.917044	23274066733	2243682289	1130047965	19900336479	2243682289	0.144957	0.855043	0.665045	45.562292	46.193868	0.085354	0.085354	6.072223	0.035015	23.096934	0.814349	0.300836	0.263538	0.243846	0.227581	0.213127	0.155509	299360388	285.026238	367.182103	620.242452	-1	-1	-1	0	0			
wes_40.sample_B10087	UTRs_norm	3101804739	49244280	49244280	1	42657070	42657070	31344120	1	0.734793	28802270	0.918905	4266485228	570984925	427707732	3267792571	570984925	0.234079	0.765921	0.571732	11.594949	12.323886	0.089658	0.089658	8.429718	0.141268	?	0.384464	0.248165	0.199839	0.156391	0.114786	0.078948	0.011005	7286820	-1	-1	-1	-1	-1	-1	0	0			
wes_40.sample_B10095	UTRs_norm	3101804739	49244280	49244280	1	41190164	41190164	29425566	1	0.714383	26896118	0.914039	3972242007	522398771	388933395	3060909841	522398771	0.229425	0.770575	0.573225	10.608314	11.235615	0.085166	0.085166	8.283714	0.137481	?	0.388957	0.24163	0.190704	0.143959	0.100537	0.06544	0.008544	6230470	-1	-1	-1	-1	-1	-1	0	0			
wes_40.sample_B40014	UTRs_norm	3101804739	49244280	49244280	1	41477538	41477538	30945067	1	0.746068	28451545	0.919421	4152289178	554016348	409009036	3189263794	554016348	0.231926	0.768074	0.575287	11.25037	11.91089	0.090705	0.090705	8.404147	0.136503	?	0.39015	0.241843	0.194691	0.151683	0.110366	0.075208	0.01038	7381444	-1	-1	-1	-1	-1	-1	0	0			
wes_40.sample_B40027	UTRs_norm	3101804739	49244280	49244280	1	51071202	51071202	35786557	1	0.700719	32910690	0.919638	4859801203	636862865	466869896	3756068442	636862865	0.227115	0.772885	0.577008	12.932728	13.670308	0.08371	0.08371	8.254411	0.131555	?	0.41758	0.264003	0.212151	0.169826	0.129142	0.092587	0.01371	7310479	-1	-1	-1	-1	-1	-1	0	0			
wes_40.sample_B4006	UTRs_norm	3101804739	49244280	49244280	1	58017012	58017012	40004437	1	0.689529	36814537	0.920261	5481619205	676751156	492150455	4312717594	676751156	0.21324	0.78676	0.578963	13.742736	14.469492	0.077652	0.077652	7.776404	0.127122	?	0.438139	0.281381	0.224929	0.179156	0.136377	0.098437	0.014831	7421699	-1	-1	-1	-1	-1	-1	0	0			
wes_40.sample_BR124	UTRs_norm	3101804739	49244280	49244280	1	53793824	53793824	47514943	1	0.883279	44282997	0.93198	4813507839	464087929	288697278	4060722632	464087929	0.15639	0.84361	0.616494	9.4242	9.781661	0.078605	0.078605	6.072916	0.106221	?	0.443934	0.222615	0.17364	0.125998	0.082227	0.049401	0.005915	13286997	-1	-1	-1	-1	-1	-1	0	0			
wes_40.sample_BR125	UTRs_norm	3101804739	49244280	49244280	1	68991290	68991290	59089643	1	0.85648	55352619	0.936757	6210812742	625757219	397110752	5187944771	625757219	0.164691	0.835309	0.611767	12.707206	13.18354	0.080051	0.080051	6.346234	0.102732	?	0.479331	0.260259	0.210365	0.167486	0.125797	0.088823	0.011697	14799640	-1	-1	-1	-1	-1	-1	0	0			
wes_40.sample_BR126	UTRs_norm	3101804739	49244280	49244280	1	48525636	48525636	42269628	1	0.871078	39200359	0.927388	4356936045	445098491	283767831	3628069723	445098491	0.167289	0.832711	0.610672	9.038583	9.456263	0.081648	0.081648	6.434778	0.123442	?	0.412322	0.227831	0.173027	0.12078	0.075454	0.043288	0.004899	11344055	-1	-1	-1	-1	-1	-1	0	0			
wes_40.sample_BR127	UTRs_norm	3101804739	49244280	49244280	1	74608610	74608610	63021505	1	0.844695	58587882	0.929649	6491489908	646554827	410730025	5434205056	646554827	0.162872	0.837128	0.611524	13.129542	13.556595	0.077398	0.077398	6.273641	0.092455	?	0.493735	0.2494	0.205836	0.169009	0.132164	0.097164	0.014387	14175056	-1	-1	-1	-1	-1	-1	0	0			
wes_40.sample_BR128	UTRs_norm	3101804739	49244280	49244280	1	66872046	66872046	57026180	1	0.852766	52861357	0.926966	5882693026	599225225	379710531	4903757270	599225225	0.166409	0.833591	0.612119	12.168423	12.632069	0.079706	0.079706	6.416121	0.104936	?	0.467482	0.251426	0.20372	0.161736	0.120671	0.083798	0.01043	13735407	-1	-1	-1	-1	-1	-1	0	0			
wes_40.sample_BR129	UTRs_norm	3101804739	49244280	49244280	1	73018128	73018128	60409554	1	0.827323	56215335	0.93057	6319049519	652910116	416153108	5249986295	652910116	0.169181	0.830819	0.610731	13.258598	13.751086	0.078769	0.078769	6.508191	0.102151	?	0.478483	0.261586	0.213752	0.173004	0.133603	0.097026	0.013318	12909603	-1	-1	-1	-1	-1	-1	0	0			
wes_40.sample_BR130	UTRs_norm	3101804739	49244280	49244280	1	65107178	65107178	56390167	1	0.866113	52392405	0.929105	5862882047	601947889	383080076	4877854082	601947889	0.168011	0.831989	0.611097	12.223712	12.665035	0.081774	0.081774	6.467053	0.100602	?	0.469622	0.249336	0.203057	0.161722	0.120592	0.084216	0.011224	15019925	-1	-1	-1	-1	-1	-1	0	0			
wes_40.sample_BR140	UTRs_norm	3101804739	49244280	49244280	1	61762142	61762142	51095444	1	0.827294	47249692	0.924734	5768324949	736675804	463654720	4567994425	736675804	0.20809	0.79191	0.613727	14.959622	15.807191	0.097307	0.097307	8.044246	0.131025	?	0.447973	0.29042	0.232696	0.189757	0.1504	0.113999	0.01929	15731466	-1	-1	-1	-1	-1	-1	0	0			
wes_4.sample_83	UTRs_norm	3101804739	49244280	49244280	1	99638962	99638962	98141143	1	0.984968	90104255	0.918109	9054695585	864486058	433424068	7756785459	864486058	0.143341	0.856659	0.66606	17.555055	18.14194	0.085903	0.085903	6.013714	0.087864	?	0.530882	0.248914	0.208686	0.177706	0.151064	0.126927	0.047256	225538590	-1	-1	-1	-1	-1	-1	0	0			
wes_4.sample_95	UTRs_norm	3101804739	49244280	49244280	1	110859304	110859304	109171682	1	0.984777	100105402	0.916954	10060747344	972032961	489945822	8598768561	972032961	0.145315	0.854685	0.664875	19.739002	20.359587	0.086814	0.086814	6.085684	0.082601	?	0.558147	0.257641	0.218648	0.188808	0.163311	0.140405	0.05792	248264588	-1	-1	-1	-1	-1	-1	0	0			
wes_5.sample_113.merged	UTRs_norm	3101804739	49244280	49244280	1	53966780	53966780	49821225	1	0.923183	45270618	0.908661	4734509381	627534876	334148540	3772825965	627534876	0.203122	0.796878	0.652538	12.743305	13.532066	0.095411	0.095411	8.348752	0.144144	?	0.356588	0.19905	0.165394	0.140102	0.117889	0.098056	0.033573	28414172	-1	-1	-1	-1	-1	-1	0	0			
wes_5.sample_114.merged	UTRs_norm	3101804739	49244280	49244280	1	60377350	60377350	55111401	1	0.912783	49587569	0.89977	5005008679	722916201	371827389	3910265089	722916201	0.21873	0.78127	0.660352	14.680207	15.486846	0.097938	0.097938	9.097913	0.132906	?	0.363653	0.199745	0.170394	0.14872	0.12971	0.112287	0.047223	29587271	-1	-1	-1	-1	-1	-1	0	0			
wes_5.sample_118.merged	UTRs_norm	3101804739	49244280	49244280	1	68021120	68021120	62101322	1	0.912971	55692845	0.896806	5570721064	795587282	403971265	4371162517	795587282	0.215333	0.784667	0.663233	16.155933	16.998343	0.096396	0.096396	8.995702	0.127892	?	0.376186	0.202892	0.174156	0.153593	0.135859	0.119689	0.056389	32676614	-1	-1	-1	-1	-1	-1	0	0			
wes_5.sample_197.merged	UTRs_norm	3101804739	49244280	49244280	1	66775484	66775484	60626219	1	0.907911	54466568	0.8984	5321860011	730793642	367137223	4223929146	730793642	0.206306	0.793694	0.66561	14.840173	15.569282	0.089514	0.089514	8.64948	0.124776	?	0.380507	0.196355	0.16768	0.14667	0.128416	0.112013	0.049467	28031467	-1	-1	-1	-1	-1	-1	0	0			
wes_5.sample_198.merged	UTRs_norm	3101804739	49244280	49244280	1	58899876	58899876	53407826	1	0.906756	47999566	0.898737	4719554489	680694016	342474515	3696385958	680694016	0.216793	0.783207	0.66528	13.822804	14.653858	0.094288	0.094288	9.084679	0.143208	?	0.347329	0.193438	0.164565	0.142863	0.124062	0.106892	0.043511	26750916	-1	-1	-1	-1	-1	-1	0	0			
wes_6.sample_120	UTRs_norm	3101804739	49244280	49244280	1	101139446	101139446	75924144	1	0.750688	67160167	0.884569	6714508201	601831561	308255754	5804420886	601831561	0.13554	0.86446	0.66129	12.22135	12.643845	0.058916	0.058916	5.645721	0.096052	?	0.526525	0.268598	0.211383	0.164481	0.121252	0.083252	0.007391	9177083	-1	-1	-1	-1	-1	-1	0	0			
wes_6.sample_121	UTRs_norm	3101804739	49244280	49244280	1	92371832	92371832	72986169	1	0.790134	64570926	0.884701	6440493890	572510124	290432001	5577551765	572510124	0.133987	0.866013	0.66344	11.625921	12.027371	0.061365	0.061365	5.599157	0.095538	?	0.519509	0.267083	0.205244	0.154062	0.108048	0.070852	0.006917	10622701	-1	-1	-1	-1	-1	-1	0	0			
wes_6.sample_122	UTRs_norm	3101804739	49244280	49244280	1	131111018	131111018	93334526	1	0.711874	80226266	0.859556	7967176531	701123768	353323709	6912729054	701123768	0.132349	0.867651	0.664921	14.237669	14.569627	0.052946	0.052946	5.543051	0.068264	14.569627	0.590799	0.28071	0.230827	0.190498	0.151219	0.112485	0.010766	8970101	-1	-1	-1	-1	-1	-1	0	0			
wes_6.sample_226	UTRs_norm	3101804739	49244280	49244280	1	103747524	103747524	80698954	1	0.77784	71129388	0.881416	7110829519	661789347	333163589	6115876583	661789347	0.139921	0.860079	0.665146	13.438908	13.862822	0.063157	0.063157	5.862167	0.088013	?	0.538745	0.282876	0.225471	0.178594	0.134886	0.095393	0.01051	11572029	-1	-1	-1	-1	-1	-1	0	0			
wes_6.sample_232	UTRs_norm	3101804739	49244280	49244280	1	103196824	103196824	76606142	1	0.74233	65697413	0.8576	6505745198	588832366	294929703	5621983129	588832366	0.135843	0.864157	0.666279	11.957376	12.289524	0.056494	0.056494	5.701029	0.080969	?	0.533339	0.267788	0.211476	0.163383	0.117743	0.078294	0.006629	8463400	-1	-1	-1	-1	-1	-1	0	0			
wes_6.sample_411	UTRs_norm	3101804739	49244280	49244280	1	96097744	96097744	64528305	1	0.671486	57794245	0.895642	5764693947	443079333	229848280	5091766334	443079333	0.116733	0.883267	0.658435	8.99758	9.392727	0.045651	0.045651	4.841321	0.114185	?	0.500316	0.242876	0.177415	0.121037	0.072848	0.038226	0.001156	5026243	-1	-1	-1	-1	-1	-1	0	0			
wes_7.sample_256	UTRs_norm	3101804739	49244280	49244280	1	70656632	70656632	60250959	1	0.852729	55217109	0.916452	6874144645	481557773	287130073	6105456799	481557773	0.111823	0.888177	0.626467	9.778959	10.057216	0.054091	0.054091	4.412537	0.080621	10.057216	0.59389	0.250614	0.182434	0.122412	0.072971	0.040001	0.003976	9618002	-1	-1	-1	-1	-1	-1	0	0			
wes_7.sample_257	UTRs_norm	3101804739	49244280	49244280	1	66671786	66671786	57335823	1	0.859971	52841548	0.921615	6574914681	454687509	269919469	5850307703	454687509	0.110208	0.889792	0.627495	9.233306	9.524156	0.054125	0.054125	4.355937	0.087458	9.524156	0.582103	0.24866	0.173758	0.109819	0.061762	0.032385	0.003512	9990248	-1	-1	-1	-1	-1	-1	0	0			
wes_7.sample_258	UTRs_norm	3101804739	49244280	49244280	1	67284872	67284872	57292429	1	0.85149	52728243	0.920335	6555549925	449550722	268577257	5837421946	449550722	0.109545	0.890455	0.626004	9.128994	9.404843	0.053026	0.053026	4.319448	0.084781	9.404843	0.57886	0.24346	0.173498	0.111327	0.062419	0.032392	0.00332	8814162	-1	-1	-1	-1	-1	-1	0	0			
wes_7.sample_260	UTRs_norm	3101804739	49244280	49244280	1	69224096	69224096	58864081	1	0.850341	54200029	0.920766	6743277441	457985067	269728233	6015564141	457985067	0.107917	0.892083	0.629348	9.300269	9.578021	0.052508	0.052508	4.277982	0.083297	9.578021	0.59353	0.249349	0.176223	0.112737	0.063438	0.032867	0.003329	8883906	-1	-1	-1	-1	-1	-1	0	0			
wes_7.sample_279	UTRs_norm	3101804739	49244280	49244280	1	71847532	71847532	61087886	1	0.850243	56516754	0.925171	7055490273	466440077	274457335	6314592861	466440077	0.10501	0.89499	0.629561	9.471965	9.781356	0.051524	0.051524	4.164159	0.08861	9.781356	0.605124	0.255398	0.177087	0.112033	0.063129	0.033237	0.003609	9701064	-1	-1	-1	-1	-1	-1	0	0			
wes_8.sample_119.lane_1	UTRs_norm	3101804739	49244280	49244280	1	76026632	76026632	64824355	1	0.852653	60624897	0.935218	7561406644	506129223	303376005	6751901416	506129223	0.107057	0.892943	0.625233	10.277929	10.550867	0.052835	0.052835	4.216164	0.072781	10.550867	0.636759	0.253486	0.184294	0.125431	0.077946	0.045581	0.004588	10838034	-1	-1	-1	-1	-1	-1	0	0			
wes_8.sample_172.lane_2	UTRs_norm	3101804739	49244280	49244280	1	73216882	73216882	62887374	1	0.858919	58611748	0.932011	7318988957	481701628	280386333	6556900996	481701628	0.104125	0.895875	0.632081	9.78188	10.085554	0.052215	0.052215	4.145584	0.084623	10.085554	0.626446	0.260724	0.18188	0.116561	0.066963	0.035967	0.00367	10462055	-1	-1	-1	-1	-1	-1	0	0			
wes_8.sample_176.lane_2	UTRs_norm	3101804739	49244280	49244280	1	78179622	78179622	66962180	1	0.856517	62165859	0.928373	7762264994	523993479	306136403	6932135112	523993479	0.106944	0.893056	0.631219	10.640697	10.959377	0.053194	0.053194	4.252028	0.080737	10.959377	0.63798	0.26817	0.193964	0.131551	0.081058	0.046482	0.004679	11392463	-1	-1	-1	-1	-1	-1	0	0			
wes_8.sample_190.lane_2	UTRs_norm	3101804739	49244280	49244280	1	83427118	83427118	72042060	1	0.863533	67194260	0.932709	8395152926	560059680	327320271	7507772975	560059680	0.105701	0.894299	0.631139	11.373091	11.686226	0.053279	0.053279	4.20208	0.074065	11.686226	0.665883	0.273658	0.201709	0.141862	0.091578	0.055271	0.00561	12913320	-1	-1	-1	-1	-1	-1	0	0			
wes_8.sample_191.lane_2	UTRs_norm	3101804739	49244280	49244280	1	79538262	79538262	68425852	1	0.860288	64311152	0.939866	8039593158	537119067	309964710	7192509381	537119067	0.105364	0.894636	0.63408	10.907238	11.205336	0.053595	0.053595	4.208188	0.072922	11.205336	0.659454	0.279618	0.199407	0.133071	0.080945	0.046204	0.004726	12121784	-1	-1	-1	-1	-1	-1	0	0			
wes_8.sample_192.lane_2	UTRs_norm	3101804739	49244280	49244280	1	77368356	77368356	66640235	1	0.861337	62529233	0.938311	7815187931	510033654	296483102	7008671175	510033654	0.103199	0.896801	0.632391	10.357216	10.652185	0.05232	0.05232	4.110722	0.076195	10.652185	0.64783	0.269609	0.189694	0.124049	0.073383	0.041096	0.004274	11719251	-1	-1	-1	-1	-1	-1	0	0			
wes_8.sample_303.lane_1	UTRs_norm	3101804739	49244280	49244280	1	78040886	78040886	66640462	1	0.853917	62218229	0.93364	7772226623	519053640	304533948	6948639035	519053640	0.105965	0.894035	0.630235	10.540384	10.870662	0.052786	0.052786	4.206544	0.082974	10.870662	0.64003	0.265121	0.191313	0.129701	0.079962	0.046038	0.004576	11120361	-1	-1	-1	-1	-1	-1	0	0			
wes_8.sample_318.lane_1	UTRs_norm	3101804739	49244280	49244280	1	74099444	74099444	63102304	1	0.851589	58597730	0.928615	7307611229	487653459	289704694	6530253076	487653459	0.106377	0.893623	0.627321	9.902743	10.21535	0.052231	0.052231	4.20334	0.084889	10.21535	0.619086	0.253264	0.181394	0.120869	0.072519	0.040669	0.003943	10305257	-1	-1	-1	-1	-1	-1	0	0			
wes_8.sample_345.lane_1	UTRs_norm	3101804739	49244280	49244280	1	72966462	72966462	61972654	1	0.849331	57422454	0.926577	7163837748	482589724	285465293	6395782731	482589724	0.107213	0.892787	0.628327	9.799914	10.12323	0.052491	0.052491	4.243175	0.089289	10.12323	0.608137	0.25637	0.180993	0.118593	0.070305	0.038771	0.003831	9981574	-1	-1	-1	-1	-1	-1	0	0			
wes_8.sample_443.lane_1	UTRs_norm	3101804739	49244280	49244280	1	77970088	77970088	66367881	1	0.851197	61728117	0.93009	7707398440	524265249	314062605	6869070586	524265249	0.108769	0.891231	0.62537	10.646216	10.946165	0.053365	0.053365	4.284518	0.078375	10.946165	0.6275	0.255403	0.190047	0.134229	0.086796	0.05176	0.004898	11101028	-1	-1	-1	-1	-1	-1	0	0			
wes_9.sample_014	UTRs_norm	3101804739	49244280	49244280	1	45905256	45905256	44474960	1	0.968842	40837976	0.918224	4095112902	428430895	214449266	3452232741	428430895	0.156987	0.843013	0.666424	8.700115	9.190412	0.092405	0.092405	6.58982	0.137199	?	0.368295	0.210044	0.168603	0.126771	0.082982	0.049671	0.002804	52113521	-1	-1	-1	-1	-1	-1	0	0			
wes_9.sample_149	UTRs_norm	3101804739	49244280	49244280	1	48786520	48786520	47165789	1	0.966779	43079682	0.913367	4320002255	456764011	226190508	3637047736	456764011	0.158091	0.841909	0.668806	9.275473	9.738561	0.092698	0.092698	6.659883	0.125166	?	0.379895	0.211922	0.172917	0.133424	0.09168	0.05812	0.00519	52849575	-1	-1	-1	-1	-1	-1	0	0			
wes_9.sample_268	UTRs_norm	3101804739	49244280	49244280	1	50777324	50777324	48904166	1	0.96311	44701936	0.914072	4494191790	572809733	282201899	3639180158	572809733	0.190248	0.809752	0.669944	11.632005	12.488587	0.111691	0.111691	8.028186	0.161979	?	0.332137	0.21822	0.182066	0.153551	0.125605	0.096939	0.019263	59970323	-1	-1	-1	-1	-1	-1	0	0			
wes_9.sample_269	UTRs_norm	3101804739	49244280	49244280	1	45555868	45555868	43930142	1	0.964314	40234408	0.915872	4029559649	418514638	206172565	3404872446	418514638	0.155026	0.844974	0.669959	8.498746	8.941828	0.090959	0.090959	6.542018	0.129674	?	0.369875	0.208175	0.165362	0.119506	0.077137	0.047514	0.003482	42756343	-1	-1	-1	-1	-1	-1	0	0			
wes_9.sample_270	UTRs_norm	3101804739	49244280	49244280	1	53681350	53681350	51911013	1	0.967021	47274454	0.910683	4735768534	501940480	247949851	3985878203	501940480	0.158346	0.841654	0.669352	10.192869	10.674041	0.092578	0.092578	6.676063	0.120856	?	0.389283	0.21429	0.178746	0.144546	0.106687	0.072435	0.008976	55631388	-1	-1	-1	-1	-1	-1	0	0			
wes_9.sample_434	UTRs_norm	3101804739	49244280	49244280	1	43259380	43259380	41739715	1	0.964871	38211995	0.915483	3829936574	411489303	204354924	3214092347	411489303	0.160798	0.839202	0.668171	8.356083	8.838556	0.09418	0.09418	6.767459	0.138799	?	0.354118	0.208335	0.165219	0.118796	0.075638	0.045887	0.002891	42176421	-1	-1	-1	-1	-1	-1	0	0			
wes_9.sample_460	UTRs_norm	3101804739	49244280	49244280	1	47745542	47745542	46433708	1	0.972524	42677998	0.919117	4278297871	410834953	202760482	3664702436	410834953	0.14342	0.85658	0.669553	8.342795	8.757109	0.085195	0.085195	6.048602	0.124785	?	0.39083	0.202647	0.162347	0.120241	0.076932	0.045023	0.002029	57421735	-1	-1	-1	-1	-1	-1	0	0			
wes_9.sample_524	UTRs_norm	3101804739	49244280	49244280	1	64051702	64051702	62058698	1	0.968884	56955499	0.917768	5711492173	560940684	281477158	4869074331	560940684	0.147495	0.852505	0.66587	11.390982	11.891488	0.086709	0.086709	6.186229	0.113522	?	0.430572	0.219105	0.184555	0.155906	0.124518	0.091009	0.013405	62091775	-1	-1	-1	-1	-1	-1	0	0			
