SAMPLE	BAIT_SET	TOTAL_READS	PCT_PF_UQ_READS	PF_UQ_READS_ALIGNED	PCT_PF_UQ_READS_ALIGNED	ON_BAIT_VS_SELECTED	PCT_SELECTED_BASES	MEAN_BAIT_COVERAGE	PCT_USABLE	FOLD_ENRICHMENT	ZERO	2X	10X	20X	30X	40X	50X	100X
wes_1.sample_27	illumina	66887454	0.901022	54391966	0.902516	0.782941	0.563935	54.554992	0.294176	38.746283	0.024667	0.950446	0.856406	0.755091	0.659924	0.570051	0.484507	0.150417
wes_1.sample_59	illumina	53666784	0.940075	46220706	0.916154	0.762381	0.536762	47.045166	0.316174	35.910852	0.025431	0.957714	0.877877	0.770212	0.652924	0.53204	0.41489	0.076335
wes_1.sample_62	illumina	45874438	0.957845	40685742	0.925926	0.744083	0.494759	40.425822	0.317837	32.306253	0.024929	0.96167	0.901724	0.761609	0.58142	0.419488	0.295954	0.045102
wes_1.sample_68	illumina	135336400	0.939281	118224869	0.930034	0.740533	0.418016	98.786089	0.263268	27.164933	0.017383	0.971926	0.948336	0.924596	0.887317	0.831949	0.762234	0.405973
wes_1.sample_69	illumina	143648586	0.895217	118646679	0.922627	0.74927	0.495157	114.060286	0.286385	32.557659	0.018844	0.973025	0.946049	0.91363	0.877976	0.838359	0.794764	0.530269
wes_1.sample_70	illumina	122092250	0.938425	105693588	0.922488	0.742344	0.44995	94.988023	0.280606	29.311715	0.016371	0.97496	0.953183	0.926551	0.885075	0.826865	0.755276	0.384495
wes_1.sample_77	illumina	111199226	0.914812	93278169	0.916952	0.757361	0.524237	94.037789	0.305012	34.841947	0.019784	0.970909	0.934537	0.889335	0.839836	0.785549	0.727217	0.413973
wes_1.sample_78	illumina	98929468	0.909908	82307916	0.914362	0.765092	0.542464	83.961212	0.306105	36.421375	0.021703	0.960603	0.906704	0.849169	0.789746	0.728255	0.665427	0.357966
wes_10.sample_S01	truseq	24547328	0.978907	21994328	0.915303	0.724866	0.520014	23.563671	0.335939	33.078395	0.02902	0.957142	0.85096	0.57337	0.282442	0.129802	0.054307	0.000967
wes_10.sample_S02	truseq	25748670	0.97944	23069386	0.914752	0.7231	0.517239	24.522114	0.333292	32.821679	0.02913	0.957971	0.860762	0.598703	0.306741	0.146373	0.065185	0.001131
wes_10.sample_S03	truseq	27855068	0.975565	25022372	0.920806	0.721912	0.505364	25.942174	0.325929	32.015502	0.029784	0.957511	0.872447	0.637353	0.347202	0.171039	0.080432	0.001238
wes_10.sample_S04	truseq	28925588	0.974586	25872965	0.917792	0.724899	0.521412	27.799348	0.336336	33.168821	0.029411	0.957916	0.881529	0.678296	0.397945	0.204863	0.104607	0.001453
wes_10.sample_S05	truseq	26640886	0.97805	23911758	0.917702	0.722524	0.527205	25.898054	0.340204	33.427442	0.028648	0.959009	0.870246	0.632969	0.346114	0.170071	0.080753	0.001414
wes_10.sample_S06	truseq	23985630	0.978372	21566643	0.919026	0.725231	0.515836	22.926104	0.334503	32.829158	0.030581	0.955262	0.844618	0.55717	0.267991	0.119415	0.046452	0.000815
wes_10.sample_S07	truseq	27365420	0.97676	24512549	0.917062	0.726272	0.521211	26.375042	0.337297	33.21882	0.028824	0.957692	0.868769	0.643273	0.361368	0.179705	0.087964	0.001291
wes_10.sample_S08	truseq	25227368	0.977848	22677213	0.919277	0.724747	0.512337	23.933438	0.332013	32.584689	0.030676	0.954558	0.850003	0.585119	0.296301	0.136751	0.058385	0.000852
wes_10.sample_S09	truseq	17161772	0.980965	15463264	0.918514	0.725125	0.519754	16.567254	0.337839	33.073681	0.03375	0.945437	0.742772	0.332085	0.111388	0.029911	0.005985	0.000338
wes_10.sample_S10	truseq	28831290	0.977826	25773828	0.914226	0.72775	0.537167	28.650217	0.347765	34.305429	0.028805	0.958234	0.878632	0.687261	0.425059	0.223784	0.116793	0.00168
wes_10.sample_S11	truseq	31334664	0.976609	28258418	0.923426	0.726214	0.517909	30.219162	0.337504	33.005757	0.029201	0.9594	0.893906	0.723074	0.459696	0.249811	0.136643	0.002138
wes_10.sample_S12	truseq	24200792	0.979576	21920614	0.924666	0.722491	0.517957	23.324803	0.337295	32.839593	0.030996	0.955373	0.853024	0.567766	0.275357	0.125767	0.050471	0.000825
wes_11.sample_417	truseq	90537210	0.970233	81920184	0.932583	0.729149	0.545482	92.821619	0.358793	34.903451	0.021961	0.97333	0.952362	0.919993	0.875421	0.817862	0.748806	0.36823
wes_11.sample_470	truseq	71901098	0.969204	65263626	0.936527	0.728797	0.540342	73.194	0.356255	34.557914	0.024404	0.969288	0.939013	0.888656	0.820126	0.73405	0.636631	0.243052
wes_11.sample_48	truseq	82431754	0.971339	74345224	0.928513	0.725696	0.547742	83.789882	0.355728	34.882081	0.022557	0.973261	0.950826	0.913205	0.859029	0.788891	0.705416	0.310529
wes_11.sample_49	truseq	31832906	0.977472	29091521	0.934944	0.730201	0.547973	33.155375	0.364501	35.11341	0.027373	0.963627	0.876831	0.691581	0.479524	0.312159	0.199946	0.01521
wes_11.sample_50	truseq	111321392	0.961334	100125130	0.9356	0.723715	0.539512	111.402902	0.350219	34.264138	0.021445	0.97466	0.958271	0.93608	0.905312	0.865159	0.814811	0.480241
wes_11.sample_524	truseq	74815546	0.972017	67841565	0.932889	0.72822	0.53918	75.844295	0.354775	34.456253	0.023187	0.971495	0.944047	0.896325	0.829367	0.745315	0.650854	0.258849
wes_11.sample_54	truseq	101363140	0.962671	90550683	0.927969	0.727124	0.549335	102.587344	0.354189	35.052345	0.021207	0.974711	0.956557	0.930197	0.893677	0.846206	0.787704	0.429455
wes_11.sample_561	truseq	66064316	0.972627	60132393	0.935826	0.722673	0.540566	66.896747	0.354372	34.281694	0.02439	0.970197	0.942482	0.890548	0.81133	0.709141	0.594468	0.196592
wes_11.sample_564	truseq	80731912	0.965285	71966407	0.923483	0.727833	0.562713	83.472414	0.361842	35.941055	0.022529	0.971411	0.948101	0.911162	0.859999	0.793215	0.711868	0.310477
wes_11.sample_75-16	truseq	71010340	0.970044	64126469	0.930945	0.731705	0.551216	73.537594	0.362418	35.39397	0.023078	0.970592	0.941537	0.893748	0.829153	0.746016	0.648361	0.244481
wes_12.sample_544	truseq	58283622	0.956778	50275045	0.90156	0.732187	0.618743	64.824717	0.389238	39.75612	0.025645	0.967778	0.922792	0.8455	0.747881	0.637731	0.527071	0.193098
wes_12.sample_554	truseq	63983404	0.954448	55238400	0.904527	0.732549	0.613268	70.608873	0.386201	39.423799	0.025116	0.967463	0.921789	0.849279	0.762724	0.666867	0.568255	0.228119
wes_12.sample_558	truseq	72145186	0.945528	61593614	0.90293	0.733007	0.602911	77.44286	0.37566	38.782284	0.026008	0.967007	0.925349	0.861109	0.785939	0.701706	0.61251	0.267684
wes_12.sample_565	truseq	86032576	0.936151	72873572	0.904818	0.730756	0.603207	91.447448	0.371989	38.682168	0.024996	0.96835	0.926681	0.863611	0.793302	0.720522	0.6482	0.341535
wes_12.sample_570	truseq	63895946	0.942302	54112748	0.898744	0.732141	0.636251	71.769823	0.393088	40.878475	0.025665	0.967492	0.925104	0.856425	0.772206	0.677496	0.57891	0.233614
wes_12.sample_578	truseq	71928838	0.942457	61258496	0.903653	0.741497	0.626178	80.858944	0.393411	40.745398	0.02577	0.966949	0.926527	0.867277	0.798789	0.721551	0.637376	0.290216
wes_12.sample_579	truseq	70939428	0.930402	59727794	0.904937	0.733875	0.608902	75.947282	0.374667	39.213989	0.02619	0.966395	0.925422	0.86236	0.78648	0.69965	0.606748	0.258737
wes_12.sample_580	truseq	61764004	0.936483	52196942	0.902422	0.735068	0.607896	66.333519	0.375854	39.212839	0.025512	0.966382	0.917893	0.841301	0.749501	0.647422	0.543814	0.20422
wes_12.sample_581	truseq	63246112	0.960359	55099744	0.907156	0.733527	0.607565	69.909118	0.386831	39.109334	0.026128	0.967078	0.923908	0.853867	0.767483	0.668998	0.565894	0.222746
wes_12.sample_582	truseq	72044290	0.949464	61577258	0.900207	0.73033	0.609232	77.948977	0.378645	39.045749	0.024796	0.9685	0.928868	0.865327	0.789204	0.704258	0.61444	0.268389
wes_13.sample_13.merged	truseq	34292810	0.919608	28288419	0.897021	0.69	0.686439	54.04399	0.388066	41.564507	0.027574	0.962919	0.90609	0.809057	0.681852	0.546884	0.427756	0.133535
wes_13.sample_231-16.merged	truseq	32938068	0.933921	27763675	0.902545	0.684198	0.68448	52.958976	0.392086	41.097404	0.028662	0.961968	0.902922	0.801889	0.670638	0.532929	0.415225	0.129084
wes_13.sample_232-16.merged	truseq	35172296	0.922475	29207715	0.900207	0.683744	0.698838	56.920189	0.394077	41.931621	0.027851	0.962965	0.908567	0.817179	0.699125	0.571073	0.454267	0.150672
wes_13.sample_29.merged	truseq	33383774	0.92084	27631945	0.898859	0.685883	0.673696	51.943262	0.379611	40.549524	0.029111	0.961059	0.902728	0.801523	0.667693	0.527172	0.407809	0.122063
wes_13.sample_30.merged	truseq	38609594	0.920255	32073708	0.902705	0.686364	0.674879	60.235414	0.382035	40.649192	0.028323	0.962881	0.909635	0.825549	0.717975	0.598395	0.484854	0.170197
wes_13.sample_31.merged	truseq	40872250	0.92359	33906166	0.898196	0.687593	0.66042	62.204092	0.373533	39.849548	0.026395	0.965886	0.917669	0.838502	0.734481	0.61601	0.501184	0.178208
wes_13.sample_32.merged	truseq	35173224	0.923108	29079768	0.895625	0.686807	0.67988	55.064337	0.383169	40.97683	0.0286	0.961827	0.906743	0.813559	0.690384	0.557009	0.438322	0.139868
wes_13.sample_BR51.merged	truseq	35095978	0.926077	29146857	0.896783	0.683834	0.681325	55.423806	0.384275	40.886222	0.028304	0.962892	0.908443	0.815651	0.691921	0.557992	0.43926	0.141947
wes_13.sample_BR52.merged	truseq	37434708	0.917474	30758427	0.895563	0.686703	0.680552	58.509779	0.381026	41.011163	0.026753	0.964738	0.913824	0.827694	0.712826	0.585271	0.467292	0.157195
wes_13.sample_BR53.merged	truseq	35017726	0.915833	28992802	0.904037	0.679355	0.676784	54.636646	0.378074	40.347701	0.027416	0.962961	0.904368	0.804839	0.679374	0.547953	0.431708	0.138861
wes_15.sample_14	truseq	86458030	0.924726	73573024	0.920238	0.724235	0.70708	113.46888	0.433541	44.938648	0.025989	0.969994	0.952082	0.927465	0.895004	0.852819	0.800206	0.468996
wes_15.sample_15	truseq	80646258	0.922674	68650498	0.922595	0.7255	0.701014	105.128137	0.43062	44.630908	0.025875	0.969477	0.950441	0.923339	0.887165	0.839726	0.779942	0.426881
wes_15.sample_16	truseq	68907292	0.931223	58874747	0.917509	0.721329	0.650697	83.223953	0.398972	41.189258	0.025097	0.970095	0.943719	0.900145	0.838983	0.76115	0.672319	0.299226
wes_15.sample_17	truseq	65577194	0.93874	56061663	0.910684	0.719721	0.688912	83.704808	0.421654	43.51107	0.027096	0.968507	0.942399	0.898162	0.836604	0.759273	0.670652	0.30306
wes_15.sample_18	truseq	77768386	0.918901	65095592	0.910919	0.71885	0.654395	92.170474	0.391514	41.280966	0.025703	0.96958	0.945669	0.907838	0.856001	0.790767	0.714036	0.35274
wes_15.sample_2	truseq	58583202	0.939998	50700130	0.92068	0.716568	0.646323	70.719191	0.398771	40.642326	0.027526	0.966816	0.93199	0.869268	0.782842	0.682651	0.580017	0.227719
wes_15.sample_60	truseq	70445920	0.912458	59030977	0.918356	0.720408	0.657159	84.13477	0.394529	41.545205	0.025316	0.969295	0.942656	0.899291	0.8396	0.764773	0.679109	0.307007
wes_15.sample_61	truseq	71200768	0.90978	59225129	0.914292	0.719758	0.701469	90.061216	0.417842	44.306477	0.026013	0.968748	0.943038	0.902575	0.84857	0.781701	0.704742	0.343427
wes_15.sample_66	truseq	66703334	0.932557	56276327	0.904696	0.716137	0.679816	82.488914	0.408514	42.72269	0.026132	0.96933	0.941221	0.892827	0.826051	0.745117	0.656983	0.296705
wes_15.sample_67	truseq	73283224	0.929214	62577332	0.91896	0.718497	0.711201	96.416998	0.434618	44.842376	0.025803	0.970701	0.949846	0.916538	0.869061	0.806769	0.73297	0.374104
wes_16.sample_19	truseq	44669240	0.879492	35188694	0.8957	0.703215	0.594064	51.330972	0.32494	36.660063	0.02671	0.96307	0.886511	0.761334	0.621416	0.488984	0.380343	0.126112
wes_16.sample_20	truseq	54367704	0.876754	43279699	0.907957	0.695135	0.596627	62.859872	0.326938	36.395162	0.027736	0.962199	0.892623	0.78699	0.675268	0.565986	0.467864	0.187893
wes_16.sample_21	truseq	63245214	0.888627	50466371	0.897955	0.702687	0.590755	73.347323	0.327936	36.428481	0.025693	0.967953	0.918631	0.839989	0.747547	0.647085	0.547666	0.233941
wes_16.sample_22	truseq	50223600	0.872314	39340448	0.897964	0.703292	0.594514	57.554696	0.324045	36.691805	0.026132	0.965024	0.900366	0.793876	0.66923	0.543984	0.434151	0.156488
wes_16.sample_23	truseq	48232762	0.881822	38303719	0.900571	0.704876	0.608247	57.385163	0.336427	37.62396	0.027469	0.962933	0.897727	0.792035	0.668915	0.543842	0.434063	0.157076
wes_16.sample_24	truseq	45432624	0.88023	36121043	0.903226	0.705239	0.594402	52.90415	0.329272	36.786471	0.027874	0.961634	0.888619	0.771513	0.636748	0.505164	0.395635	0.135367
wes_16.sample_25	truseq	48148848	0.877207	37717814	0.893014	0.70605	0.589713	54.83838	0.322056	36.538241	0.026509	0.963739	0.894187	0.781966	0.651634	0.52276	0.412582	0.143104
wes_16.sample_33	truseq	44070564	0.878605	34829932	0.899519	0.703977	0.59199	50.669109	0.325108	36.571669	0.027889	0.961461	0.885548	0.762076	0.621031	0.486532	0.377186	0.123799
wes_16.sample_34	truseq	45403772	0.879157	35688985	0.894079	0.704587	0.594619	52.257925	0.325457	36.765908	0.026653	0.963045	0.889976	0.769702	0.633022	0.500562	0.390799	0.13061
wes_16.sample_35	truseq	45329432	0.883265	35831523	0.89494	0.703819	0.600869	52.902843	0.330013	37.111827	0.026543	0.963591	0.890077	0.770681	0.636437	0.505561	0.396178	0.133786
wes_16.sample_CH00277	agilent	46928194	0.974161	43752889	0.957067	0.662645	0.645679	65.409827	0.394132	37.546479	0.026619	0.969771	0.940054	0.890417	0.821197	0.73283	0.629866	0.172518
wes_16.sample_CH00278	agilent	55250094	0.971496	51460402	0.958736	0.6592	0.656958	78.00288	0.399218	38.003789	0.02481	0.972451	0.949842	0.913736	0.864026	0.799873	0.721707	0.282695
wes_16.sample_CH00279	agilent	57938680	0.980713	54578800	0.960535	0.663857	0.655498	83.365599	0.406866	38.187169	0.023216	0.97536	0.959544	0.933105	0.893834	0.839318	0.76931	0.321451
wes_16.sample_CH00280	agilent	57614314	0.915845	49737075	0.942601	0.729131	0.528714	60.765851	0.298237	33.829729	0.023249	0.972157	0.87959	0.684123	0.507692	0.381071	0.29488	0.129134
wes_16.sample_CH00281	agilent	66470286	0.907295	54603196	0.905403	0.706953	0.528282	71.23435	0.303036	32.773921	0.023455	0.968927	0.91484	0.832452	0.736391	0.634044	0.534366	0.223149
wes_16.sample_CH00282	agilent	53193512	0.983056	50192875	0.959854	0.66752	0.663526	78.029197	0.414793	38.868111	0.025101	0.97362	0.955914	0.924631	0.878479	0.815998	0.737412	0.273027
wes_16.sample_CH00283	agilent	51917246	0.979927	48798953	0.959191	0.659744	0.650933	73.464506	0.400128	37.686316	0.02439	0.973393	0.952438	0.916524	0.86442	0.793918	0.706231	0.23394
wes_16.sample_CH00284	agilent	44318616	0.966627	41018662	0.957495	0.659159	0.645227	60.981152	0.389083	37.322803	0.027058	0.96899	0.936552	0.881988	0.80463	0.704807	0.590486	0.135937
wes_16.sample_CH00285	agilent	46946504	0.982748	44299273	0.960176	0.662838	0.62852	64.741865	0.389955	36.559326	0.024958	0.97305	0.950273	0.908495	0.843369	0.75374	0.643374	0.150663
wes_16.sample_CH00286	agilent	54494498	0.983803	51510562	0.960806	0.663313	0.638352	76.510816	0.397011	37.157866	0.024099	0.974054	0.956306	0.926313	0.881641	0.819408	0.739215	0.254728
wes_16.sample_CH00287	truseq	85487430	0.905879	70297652	0.907754	0.703207	0.506452	87.585491	0.289709	31.253109	0.022343	0.971298	0.929638	0.866031	0.791926	0.711084	0.626019	0.30077
wes_16.sample_CH00288	truseq	48156046	0.869665	37320806	0.891145	0.707184	0.698642	64.455628	0.37848	43.356953	0.028633	0.962886	0.903405	0.810704	0.70395	0.591836	0.486997	0.192934
wes_16.sample_CH00291	truseq	44489796	0.871376	34449733	0.888628	0.710756	0.695771	59.371813	0.377357	43.396899	0.028724	0.961635	0.89578	0.794153	0.677263	0.5573	0.449522	0.167511
wes_16.sample_CH00292	truseq	53458006	0.870412	41254687	0.886616	0.710591	0.703947	72.041029	0.381066	43.896644	0.026968	0.965386	0.912262	0.830927	0.737005	0.63767	0.539879	0.229449
wes_16.sample_CH00293	truseq	64972274	0.87785	50847066	0.891492	0.706987	0.704207	88.617636	0.385678	43.690144	0.027096	0.967072	0.924754	0.862415	0.790222	0.711057	0.628992	0.30886
wes_16.sample_CH00294	truseq	68205042	0.876213	53104774	0.888603	0.708277	0.690911	90.725483	0.376137	42.94346	0.026528	0.967575	0.926777	0.866049	0.796475	0.719795	0.639514	0.31822
wes_16.sample_CH00295	truseq	51778662	0.873881	40125812	0.88679	0.708529	0.695012	69.094325	0.377333	43.2137	0.02691	0.965029	0.909064	0.821847	0.722007	0.618009	0.51758	0.214565
wes_16.sample_CH00296	truseq	64569674	0.874233	50300449	0.891079	0.709755	0.684347	85.211529	0.373166	42.624227	0.026681	0.966841	0.922525	0.857677	0.782781	0.700702	0.615568	0.293186
wes_16.sample_CH00297	truseq	55825150	0.87588	43581818	0.891314	0.709488	0.694757	75.043546	0.380116	43.256374	0.02807	0.964387	0.912656	0.835668	0.747728	0.65328	0.558427	0.244635
wes_16.sample_CH00298	truseq	47001512	0.873029	36408296	0.887278	0.708974	0.700759	63.204608	0.38025	43.598435	0.028882	0.962176	0.898928	0.803641	0.695407	0.583299	0.478864	0.187178
wes_16.sample_CH00323	truseq	46884930	0.903457	38388079	0.906266	0.705345	0.517638	48.715967	0.293813	32.040516	0.027235	0.961165	0.874445	0.740393	0.594885	0.461551	0.355701	0.115646
wes_16.sample_CH00324	truseq	44754512	0.900575	36606355	0.908238	0.708248	0.514976	46.235074	0.292124	32.006921	0.027235	0.959245	0.867964	0.728176	0.576596	0.439978	0.334568	0.103065
wes_16.sample_CH00325	truseq	45594974	0.894296	36987103	0.907094	0.707836	0.513566	46.65146	0.289322	31.900747	0.027693	0.958707	0.866175	0.725919	0.57671	0.442374	0.337946	0.106968
wes_16.sample_CH00326	truseq	49249730	0.899216	40031341	0.903925	0.705425	0.531707	52.232361	0.299895	32.915096	0.026705	0.961948	0.88466	0.763879	0.628884	0.497984	0.389142	0.131791
wes_16.sample_CH00327	truseq	53700914	0.904548	44278156	0.911541	0.707796	0.516126	56.245418	0.296168	32.05796	0.026099	0.963832	0.890512	0.779412	0.654417	0.529751	0.421793	0.151979
wes_16.sample_CH00328	truseq	46825680	0.89767	37653207	0.895779	0.710629	0.514853	47.603481	0.287467	32.10683	0.025244	0.963381	0.882417	0.748219	0.595753	0.455605	0.345803	0.105696
wes_16.sample_CH00329	truseq	60195930	0.908099	49496699	0.905474	0.704606	0.514137	62.499916	0.293593	31.790473	0.024681	0.967568	0.907676	0.812132	0.699089	0.580037	0.470639	0.179737
wes_16.sample_CH00330	truseq	47594644	0.899895	39053002	0.91181	0.707547	0.515971	49.578951	0.294559	32.037044	0.026681	0.961831	0.880375	0.751331	0.607305	0.471949	0.363361	0.119259
wes_2.sample_62	roche	96289682	0.884027	79464427	0.933528	0.667079	0.528033	98.951569	0.28828	30.910786	0.028228	0.972947	0.958923	0.942766	0.91822	0.880762	0.826248	0.415747
wes_2.sample_68	roche	110702996	0.886159	92022878	0.938047	0.668535	0.524813	114.103233	0.289142	30.789371	0.026662	0.974417	0.962097	0.949982	0.932893	0.907707	0.870623	0.526289
wes_2.sample_79	roche	101339624	0.884746	84103089	0.938024	0.667276	0.525694	104.315245	0.288762	30.782991	0.027936	0.973578	0.960749	0.9463	0.925022	0.892601	0.845034	0.456099
wes_2.sample_80	roche	94542966	0.885014	78277374	0.935528	0.667185	0.525481	97.010806	0.287848	30.766259	0.028247	0.973136	0.959492	0.942897	0.917632	0.878221	0.820835	0.401261
wes_2.sample_83	roche	92921162	0.88488	76711475	0.932956	0.667686	0.525423	95.025321	0.286878	30.785989	0.027154	0.974217	0.960159	0.94283	0.916283	0.874729	0.814423	0.385416
wes_2.sample_95	roche	93359516	0.884112	76803528	0.930498	0.665724	0.524913	94.825653	0.284931	30.665766	0.027244	0.974256	0.960143	0.943003	0.916403	0.874932	0.813974	0.383018
wes_20.sample_CH00289	truseq	48382288	0.922207	41001304	0.918931	0.738815	0.675032	58.243161	0.421289	43.765457	0.027679	0.967759	0.934298	0.867666	0.766515	0.636765	0.505077	0.141877
wes_20.sample_CH00308	truseq	86341856	0.908968	72587973	0.9249	0.74048	0.650088	99.521857	0.403384	42.243221	0.024209	0.972296	0.955285	0.9292	0.893847	0.847477	0.787484	0.407352
wes_20.sample_CH00309	truseq	52095158	0.931615	44729064	0.921628	0.740472	0.679006	64.050612	0.430276	44.121893	0.027326	0.968835	0.939935	0.88462	0.801274	0.688263	0.563303	0.176714
wes_20.sample_CH00310	truseq	62993888	0.912605	53060402	0.922973	0.743306	0.683703	76.797115	0.426646	44.597082	0.02639	0.969489	0.944929	0.903472	0.846259	0.768477	0.671769	0.26355
wes_20.sample_CH00311	truseq	61916612	0.908727	51454414	0.914496	0.736716	0.667053	71.990389	0.406901	43.125245	0.025579	0.970521	0.944298	0.896579	0.827814	0.737547	0.631901	0.229089
wes_20.sample_CH00532	truseq	66386950	0.903988	55569091	0.925951	0.735256	0.669048	77.888169	0.410592	43.168543	0.02587	0.970826	0.948172	0.908153	0.85019	0.772169	0.676859	0.269895
wes_20.sample_CH00533	truseq	73386674	0.903154	61411703	0.926557	0.735	0.664935	85.537584	0.407907	42.888235	0.025488	0.97103	0.951597	0.918184	0.869934	0.8045	0.721791	0.318469
wes_20.sample_CH00632	truseq	64783806	0.910908	54535610	0.924143	0.737817	0.656079	75.209037	0.40628	42.479233	0.024953	0.971223	0.945042	0.897568	0.829971	0.744019	0.645403	0.251888
wes_21.sample_CH00290	truseq	63819042	0.940389	54303774	0.904841	0.737635	0.580719	66.205062	0.363047	37.590577	0.026209	0.965857	0.911264	0.826367	0.727747	0.619238	0.513268	0.200861
wes_21.sample_CH00299	truseq	57688860	0.924429	47944693	0.899031	0.73173	0.564278	56.353265	0.34186	36.233916	0.02712	0.964985	0.898818	0.791617	0.667669	0.541723	0.431222	0.150994
wes_21.sample_CH00300	truseq	44937218	0.930421	37751980	0.90293	0.738831	0.570905	45.252737	0.35242	37.015207	0.02933	0.956802	0.864101	0.725546	0.575658	0.439075	0.332555	0.096138
wes_21.sample_CH00301	truseq	56437128	0.908609	45750722	0.892188	0.746099	0.584921	56.770921	0.352032	38.297019	0.025555	0.965413	0.904262	0.80275	0.679229	0.550965	0.437527	0.149812
wes_21.sample_CH00302	truseq	51121664	0.91809	41915166	0.893061	0.745774	0.599485	53.298901	0.364867	39.233472	0.027388	0.963208	0.898587	0.790536	0.657126	0.522021	0.40775	0.132643
wes_21.sample_CH00303	truseq	50616924	0.920926	41542452	0.891193	0.747602	0.584077	51.542943	0.356365	38.318829	0.02765	0.962191	0.893394	0.779343	0.640911	0.503942	0.390849	0.123798
wes_21.sample_CH00304	truseq	59403944	0.917551	48754327	0.894473	0.743288	0.579987	59.80494	0.352325	37.830923	0.026476	0.964606	0.905483	0.81228	0.699191	0.577766	0.465506	0.167373
wes_21.sample_CH00305	truseq	46266078	0.92953	38675072	0.899301	0.743677	0.578805	47.338984	0.358078	37.773571	0.027454	0.961503	0.88398	0.755435	0.604656	0.463057	0.351306	0.10275
wes_21.sample_CH00306	truseq	42434568	0.935917	35658066	0.897843	0.742204	0.577798	43.485231	0.358627	37.633198	0.028228	0.960905	0.875505	0.728451	0.561686	0.417164	0.310671	0.08342
wes_21.sample_CH00307	truseq	61575072	0.917799	50592516	0.895228	0.750487	0.59765	64.524554	0.366726	39.360614	0.026256	0.965154	0.913178	0.831261	0.729216	0.615959	0.506113	0.191635
wes_27.sample_26	truseq	36131072	0.935431	31084273	0.919704	0.74294	0.561506	36.869222	0.357112	36.60828	0.026443	0.96567	0.893089	0.725689	0.518891	0.352847	0.240323	0.03654
wes_27.sample_27	truseq	38838902	0.94033	33872113	0.92746	0.732859	0.543588	38.388475	0.345904	34.959217	0.028275	0.963259	0.885895	0.724204	0.532947	0.373498	0.261529	0.049708
wes_27.sample_28	truseq	31508056	0.906232	26275274	0.920208	0.743658	0.550714	30.606107	0.339944	35.9394	0.027077	0.963314	0.869047	0.650403	0.420096	0.262308	0.166103	0.010524
wes_27.sample_36	truseq	43236716	0.937083	37644955	0.929129	0.739395	0.548296	43.447728	0.35167	35.576521	0.026691	0.966583	0.911547	0.786404	0.609074	0.441787	0.317009	0.071487
wes_27.sample_37	truseq	50854050	0.923594	43383804	0.923679	0.741426	0.565165	51.730211	0.355992	36.771773	0.025216	0.968483	0.923828	0.833043	0.699751	0.549064	0.417095	0.112718
wes_27.sample_38	truseq	46245292	0.927243	39835992	0.928998	0.738007	0.553297	46.296258	0.350348	35.833552	0.026318	0.967352	0.917582	0.807605	0.64659	0.482567	0.353472	0.08511
wes_27.sample_39	truseq	42236030	0.936004	36549848	0.924538	0.739913	0.555114	42.739529	0.354134	36.044139	0.025755	0.967661	0.910436	0.779706	0.598878	0.431902	0.308139	0.06797
wes_27.sample_40	truseq	38863014	0.929389	33561922	0.929208	0.738423	0.551908	38.937175	0.35063	35.763765	0.027139	0.965367	0.901044	0.75015	0.55143	0.382903	0.265536	0.045994
wes_27.sample_41	truseq	70075774	0.37892	21151611	0.796577	0.739225	0.700587	31.198515	0.155807	45.447515	0.031359	0.952749	0.824897	0.605026	0.404521	0.269382	0.183639	0.025976
wes_27.sample_42	truseq	88098692	0.310541	21583869	0.788934	0.736278	0.695958	31.50042	0.125132	44.967312	0.032834	0.951241	0.823501	0.607656	0.409053	0.274335	0.188256	0.027206
wes_27.sample_43	truseq	86755492	0.323653	22430395	0.798841	0.734296	0.68564	32.167673	0.129761	44.181342	0.032399	0.95304	0.829836	0.618	0.418843	0.282741	0.194893	0.029011
wes_27.sample_44	truseq	55341016	0.442242	20035370	0.818635	0.738425	0.702198	29.591831	0.187131	45.50276	0.03227	0.950015	0.808958	0.57779	0.378297	0.247908	0.16665	0.021234
wes_27.sample_CH00312	truseq	36497052	0.903632	30273496	0.917937	0.742181	0.732968	46.896833	0.449684	47.738241	0.028996	0.962614	0.901499	0.787399	0.639767	0.490692	0.367296	0.090201
wes_27.sample_CH00313	truseq	32250378	0.911491	26788497	0.911299	0.746698	0.74143	42.24266	0.458393	48.58322	0.029139	0.963068	0.901953	0.770724	0.593614	0.430473	0.308667	0.064089
wes_27.sample_CH0661	truseq	43145032	0.386741	13439626	0.805446	0.736864	0.709521	20.013301	0.162334	45.880098	0.03723	0.932884	0.693635	0.392527	0.214725	0.121353	0.068851	0.002933
wes_27.sample_CH0662	truseq	35750998	0.345011	9708595	0.787109	0.74109	0.705351	14.442977	0.141381	45.871993	0.042241	0.912763	0.569817	0.25222	0.113259	0.050337	0.02122	0.000707
wes_27.sample_CH0663	truseq	46656786	0.342683	12470293	0.779954	0.737016	0.704899	18.443921	0.138344	45.590654	0.038757	0.926696	0.663147	0.355695	0.186785	0.100997	0.054154	0.00203
wes_27.sample_CH0664	truseq	54061774	0.284704	11948865	0.776324	0.730941	0.695128	17.291896	0.111937	44.588085	0.04038	0.925044	0.637053	0.324726	0.165403	0.087263	0.045274	0.001643
wes_27.sample_CH0665	truseq	69894134	0.312077	17172321	0.787274	0.726129	0.677865	24.074705	0.120543	43.194551	0.035549	0.942114	0.744857	0.475438	0.286053	0.17637	0.11167	0.008193
wes_27.sample_CH0666	truseq	52582406	0.297181	12069278	0.772359	0.734979	0.702999	17.748309	0.118124	45.342047	0.037497	0.929934	0.652174	0.335521	0.171359	0.089949	0.046749	0.002134
wes_3.sample_116.merged	illumina	77025686	0.941649	64966871	0.89571	0.749824	0.574043	73.295135	0.333013	37.772532	0.021875	0.966434	0.903792	0.825268	0.743645	0.661196	0.580017	0.25686
wes_3.sample_153.merged	illumina	94787706	0.942075	80301275	0.899259	0.743991	0.56215	90.341156	0.333545	36.702133	0.02166	0.970876	0.929155	0.873376	0.811937	0.746303	0.677149	0.352504
wes_3.sample_163.merged	illumina	76755254	0.947147	65574470	0.902005	0.740398	0.556267	73.046019	0.33305	36.142699	0.023135	0.967817	0.91478	0.841456	0.76167	0.676698	0.590035	0.24715
wes_3.sample_164.merged	illumina	87312688	0.940624	73734411	0.897794	0.740613	0.556549	82.064943	0.328929	36.17153	0.021307	0.971538	0.927418	0.865057	0.795885	0.721681	0.643618	0.302244
wes_3.sample_165.merged	illumina	76619584	0.938714	64381317	0.895132	0.745228	0.570583	72.988594	0.333378	37.314685	0.022233	0.968404	0.912682	0.836893	0.755649	0.671056	0.58647	0.250292
wes_3.sample_166.merged	illumina	95433590	0.944172	80909491	0.897939	0.745652	0.549789	88.387207	0.324123	35.975234	0.021679	0.970143	0.92479	0.865147	0.801278	0.733723	0.664018	0.343155
wes_3.sample_167.merged	illumina	85756164	0.943208	72606694	0.897643	0.749564	0.594905	85.911706	0.350597	39.131618	0.022653	0.968251	0.91929	0.856109	0.789506	0.720068	0.648799	0.330476
wes_3.sample_168.merged	illumina	94084020	0.943277	79834780	0.899574	0.74229	0.576186	92.730974	0.34493	37.532548	0.021483	0.971743	0.933529	0.880708	0.821691	0.758177	0.690594	0.363436
wes_3.sample_83.merged	illumina	233835742	0.971465	208582623	0.918206	0.717477	0.431382	183.375097	0.274442	27.160757	0.015522	0.978831	0.962715	0.947254	0.928075	0.905044	0.878694	0.706841
wes_3.sample_93.merged	illumina	72874934	0.940046	61008481	0.890559	0.750132	0.601442	72.605591	0.348669	39.591621	0.023011	0.965739	0.904613	0.826299	0.743852	0.659895	0.576821	0.251564
wes_3.sample_94.merged	illumina	77773244	0.943637	65823390	0.896902	0.747453	0.567115	74.054761	0.33323	37.198619	0.02291	0.967026	0.910488	0.836513	0.757593	0.675216	0.592356	0.258224
wes_3.sample_95.merged	illumina	260266670	0.971163	231793148	0.917044	0.714794	0.433768	204.158603	0.274518	27.20883	0.015145	0.979256	0.964149	0.950755	0.934837	0.915487	0.89311	0.746012
wes_4.sample_113	illumina	8904608	0.989492	7981869	0.905894	0.766487	0.6354	10.088926	0.396508	42.738956	0.050016	0.853681	0.422845	0.139617	0.042508	0.012174	0.003228	0.000076
wes_4.sample_114	illumina	9048652	0.98897	8026753	0.896959	0.773903	0.666446	10.493631	0.405848	45.260888	0.046012	0.853068	0.443462	0.154907	0.047163	0.013181	0.003404	0.000075
wes_4.sample_115	illumina	1659612	0.994316	1479991	0.896867	0.770499	0.692488	2.014096	0.424713	46.822661	0.262478	0.474995	0.016831	0.000285	0.000048	0.000019	0.000008	0
wes_4.sample_116	illumina	32998294	0.967154	28557595	0.894817	0.750561	0.57883	32.525825	0.344952	38.124852	0.027688	0.944395	0.798758	0.61422	0.445453	0.309013	0.210049	0.03041
wes_4.sample_117	illumina	6896630	0.990433	6138667	0.898694	0.767764	0.651649	7.946717	0.403248	43.904949	0.058999	0.819078	0.325655	0.07846	0.016274	0.003123	0.00066	0.000049
wes_4.sample_118	illumina	12692688	0.985503	11187196	0.894355	0.774149	0.658097	14.418017	0.397533	44.708099	0.038633	0.887896	0.567614	0.275545	0.119457	0.048231	0.018277	0.000219
wes_4.sample_153	illumina	40560546	0.967059	35230356	0.898174	0.744572	0.566581	40.000753	0.345132	37.02034	0.026781	0.956357	0.852828	0.703851	0.54767	0.406273	0.293384	0.058351
wes_4.sample_158	illumina	6641612	0.990889	5918611	0.899334	0.775938	0.673335	7.742315	0.407961	45.849006	0.057214	0.800595	0.320203	0.076248	0.014903	0.002684	0.000557	0.000025
wes_4.sample_163	illumina	32845350	0.970406	28719791	0.901061	0.740974	0.560325	32.267994	0.343811	36.43465	0.028872	0.949515	0.815106	0.624843	0.443075	0.299108	0.199755	0.027538
wes_4.sample_164	illumina	37486184	0.966478	32496024	0.896947	0.7413	0.560929	36.508864	0.340838	36.489954	0.02681	0.956663	0.843151	0.676322	0.504922	0.358871	0.250309	0.042154
wes_4.sample_165	illumina	32743760	0.966035	28296132	0.894552	0.74596	0.574885	32.36555	0.34592	37.63294	0.027841	0.949156	0.81027	0.621732	0.44467	0.303536	0.20372	0.028237
wes_4.sample_166	illumina	40902586	0.968332	35519106	0.896783	0.746291	0.554247	39.165729	0.335102	36.298065	0.027187	0.954471	0.844115	0.691713	0.535981	0.396877	0.286076	0.055498
wes_4.sample_167	illumina	36765460	0.967815	31904006	0.896629	0.750331	0.599186	38.076582	0.362443	39.453552	0.02807	0.95127	0.834591	0.677513	0.520953	0.383142	0.274903	0.051417
wes_4.sample_168	illumina	40307874	0.967872	35055522	0.898563	0.742858	0.580255	41.063762	0.356525	37.826528	0.02661	0.958704	0.861237	0.716667	0.561036	0.41806	0.303619	0.063166
wes_4.sample_169	illumina	5542720	0.991778	4940851	0.898803	0.774598	0.648834	6.233557	0.393581	44.104356	0.071018	0.768114	0.236664	0.037548	0.004813	0.00061	0.000141	0.000026
wes_4.sample_170	illumina	4766776	0.991996	4236625	0.895953	0.772103	0.669062	5.565966	0.408637	45.332846	0.081814	0.747107	0.195485	0.025226	0.002644	0.000386	0.000142	0.000028
wes_4.sample_185	illumina	5536110	0.990087	4909754	0.895739	0.775368	0.685701	6.583023	0.416142	46.656732	0.067763	0.775212	0.25716	0.046108	0.006693	0.000901	0.000191	0.000023
wes_4.sample_197	illumina	9986328	0.988495	8855797	0.897113	0.775437	0.633263	10.810394	0.378841	43.092558	0.044876	0.848972	0.453187	0.168482	0.054386	0.015794	0.004336	0.000085
wes_4.sample_198	illumina	8082274	0.989544	7172134	0.896768	0.777933	0.672232	9.342802	0.404543	45.891562	0.050675	0.828862	0.396678	0.122798	0.031862	0.00736	0.001638	0.000053
wes_4.sample_199	illumina	5117646	0.991929	4568512	0.899961	0.770579	0.676879	6.107472	0.41765	45.772006	0.074197	0.768431	0.226847	0.034719	0.004274	0.000561	0.000136	0.000021
wes_4.sample_83	illumina	99638962	0.984968	90104255	0.918109	0.71756	0.432666	79.531989	0.279341	27.244726	0.020347	0.972497	0.941016	0.887553	0.817325	0.734129	0.643887	0.267251
wes_4.sample_93	illumina	31179724	0.966282	26807779	0.889785	0.750859	0.60593	32.189184	0.361293	39.925716	0.028619	0.944231	0.799196	0.611103	0.439452	0.302946	0.204943	0.029198
wes_4.sample_94	illumina	33304070	0.968313	28893114	0.895945	0.748205	0.571871	32.825801	0.344937	37.548302	0.028547	0.947526	0.810558	0.626373	0.451901	0.310956	0.21027	0.029785
wes_4.sample_95	illumina	110859304	0.984777	100105402	0.916954	0.714837	0.435062	88.520908	0.279444	27.291668	0.019784	0.973357	0.945389	0.900636	0.840706	0.769544	0.690479	0.320753
wes_5.sample_113.merged	illumina	53966780	0.923183	45270618	0.908661	0.737786	0.645425	63.783474	0.342776	41.787621	0.026485	0.960389	0.892037	0.804523	0.711987	0.617536	0.525802	0.198132
wes_5.sample_114.merged	illumina	60377350	0.912783	49587569	0.89977	0.747363	0.674929	71.425214	0.342026	44.265072	0.025402	0.961643	0.899183	0.822235	0.742264	0.66091	0.580495	0.253794
wes_5.sample_115.merged	illumina	9482110	0.951412	8102854	0.898182	0.749819	0.715695	12.354207	0.378645	47.092947	0.045143	0.868048	0.505282	0.212325	0.081619	0.029957	0.010497	0.000163
wes_5.sample_117.merged	illumina	40304928	0.929403	33759064	0.901214	0.74117	0.66531	48.829966	0.351804	43.272706	0.02754	0.955401	0.864351	0.745448	0.623489	0.506407	0.400896	0.107536
wes_5.sample_118.merged	illumina	68021120	0.912971	55692845	0.896806	0.749459	0.667317	78.822257	0.337568	43.888618	0.023927	0.964026	0.905358	0.835135	0.76279	0.689065	0.615901	0.301951
wes_5.sample_158.merged	illumina	41691906	0.926444	34770819	0.900211	0.753642	0.685963	50.042801	0.347705	45.366764	0.027321	0.950425	0.853787	0.737633	0.624119	0.51689	0.419274	0.118642
wes_5.sample_169.merged	illumina	36497608	0.930556	30566495	0.899992	0.749421	0.659594	42.536444	0.337098	43.378512	0.028953	0.947741	0.84032	0.705414	0.572213	0.449065	0.34193	0.071875
wes_5.sample_170.merged	illumina	30666878	0.931833	25627504	0.896806	0.748081	0.684244	37.416319	0.353158	44.919147	0.029325	0.945263	0.822792	0.666793	0.517242	0.385216	0.278058	0.047006
wes_5.sample_185.merged	illumina	31906770	0.928891	26570212	0.896494	0.752127	0.6981	39.21142	0.35704	46.076585	0.029411	0.944093	0.824467	0.676721	0.535285	0.408824	0.303064	0.056041
wes_5.sample_197.merged	illumina	66775484	0.907911	54466568	0.8984	0.751241	0.639641	72.349641	0.313237	42.168426	0.024266	0.960602	0.892645	0.813495	0.733778	0.654898	0.578282	0.265142
wes_5.sample_198.merged	illumina	58899876	0.906756	47999566	0.898737	0.753066	0.680576	68.433305	0.335053	44.976014	0.026586	0.957637	0.887192	0.804457	0.721105	0.638797	0.558506	0.239301
wes_5.sample_199.merged	illumina	33777926	0.92918	28279292	0.901023	0.746342	0.691518	42.1178	0.360629	45.291119	0.028447	0.950003	0.843537	0.70604	0.568783	0.442003	0.333586	0.069547
wes_6.sample_120	roche	101139446	0.750688	67160167	0.884569	0.69442	0.379597	50.074423	0.173267	23.132161	0.027669	0.971232	0.943968	0.891103	0.786864	0.630725	0.458634	0.043138
wes_6.sample_121	roche	92371832	0.790134	64570926	0.884701	0.696486	0.371916	47.199163	0.17882	22.731578	0.027693	0.971285	0.941553	0.87667	0.746777	0.568307	0.393165	0.038459
wes_6.sample_122	roche	131111018	0.711874	80226266	0.859556	0.701461	0.369839	58.476092	0.156085	22.766085	0.025464	0.972866	0.953347	0.926741	0.87055	0.765443	0.615819	0.066344
wes_6.sample_226	roche	103747524	0.77784	71129388	0.881416	0.699562	0.392106	55.18327	0.186145	24.071415	0.027736	0.972152	0.949698	0.908833	0.825421	0.691066	0.528754	0.066503
wes_6.sample_232	roche	103196824	0.74233	65697413	0.8576	0.704849	0.37854	49.10911	0.166539	23.414208	0.02659	0.973229	0.951285	0.904402	0.795358	0.625755	0.440715	0.035838
wes_6.sample_411	roche	96097744	0.671486	57794245	0.895642	0.687773	0.326584	36.63308	0.133408	19.711135	0.032218	0.964077	0.920398	0.816178	0.629951	0.413782	0.23209	0.005697
wes_7.sample_233	roche	31425852	0.932539	27094270	0.924535	0.661557	0.303945	19.207719	0.171459	17.645512	0.03774	0.961708	0.812154	0.403862	0.137929	0.048001	0.023689	0.004352
wes_7.sample_256	roche	70656632	0.852729	55217109	0.916452	0.660324	0.300761	38.623766	0.153347	17.428114	0.026462	0.971509	0.936338	0.835947	0.635518	0.409019	0.234179	0.020205
wes_7.sample_257	roche	66671786	0.859971	52841548	0.921615	0.659764	0.296353	36.370202	0.15303	17.158134	0.028485	0.968666	0.926971	0.803058	0.582142	0.35953	0.200052	0.018105
wes_7.sample_258	roche	67284872	0.85149	52728243	0.920335	0.662117	0.297984	36.592716	0.152563	17.314102	0.02817	0.969915	0.931513	0.816629	0.59845	0.366568	0.199115	0.017345
wes_7.sample_259	roche	50586354	0.85257	39831268	0.923551	0.662169	0.308205	28.6445	0.158847	17.909359	0.032457	0.96691	0.907908	0.697976	0.403871	0.191262	0.084902	0.009691
wes_7.sample_260	roche	69224096	0.850341	54200029	0.920766	0.660651	0.288928	36.415841	0.147572	16.750731	0.026438	0.970653	0.932068	0.816073	0.59647	0.36337	0.195865	0.017327
wes_7.sample_261	roche	59875304	0.851806	47255046	0.926531	0.661453	0.305314	33.647483	0.157644	17.722169	0.029936	0.966775	0.922542	0.779634	0.532069	0.301338	0.152902	0.014725
wes_7.sample_265	roche	65270198	0.845429	51235750	0.928498	0.661341	0.291244	34.725856	0.149249	16.902661	0.028003	0.97004	0.927429	0.79356	0.557697	0.327075	0.172189	0.015071
wes_7.sample_266	roche	62725768	0.860584	50342051	0.932592	0.654563	0.284746	33.150776	0.148259	16.35612	0.029168	0.969366	0.915081	0.749197	0.500965	0.289873	0.156733	0.014823
wes_7.sample_267	roche	68483012	0.860337	54899963	0.931795	0.653152	0.277792	35.205629	0.144212	15.92232	0.028376	0.969684	0.91833	0.770312	0.541463	0.332607	0.190335	0.017595
wes_7.sample_279	roche	71847532	0.850243	56516754	0.925171	0.654843	0.278607	36.417784	0.142192	16.010348	0.026137	0.971633	0.930303	0.805855	0.582369	0.356829	0.19857	0.018225
wes_7.sample_302	roche	68654948	0.853235	54454679	0.929597	0.656164	0.274867	34.681238	0.141708	15.827279	0.027459	0.971054	0.924537	0.781529	0.542862	0.321861	0.173782	0.016185
wes_7.sample_377	roche	65540450	0.860108	51920617	0.921038	0.656597	0.284206	34.188221	0.146332	16.375836	0.028051	0.970907	0.923089	0.773421	0.529454	0.308695	0.166365	0.015985
wes_7.sample_378	roche	63181054	0.86076	50770949	0.933568	0.655427	0.264092	31.035087	0.137797	15.189754	0.028304	0.970126	0.913358	0.727983	0.457904	0.244412	0.122161	0.012221
wes_7.sample_379	roche	66987712	0.858948	53413117	0.928294	0.653942	0.275134	33.957184	0.142203	15.789029	0.02744	0.970969	0.920086	0.765001	0.521455	0.304468	0.164312	0.015651
wes_7.sample_398	roche	64091238	0.857812	51213377	0.931521	0.655615	0.272313	32.291029	0.141337	15.667135	0.028428	0.969982	0.915539	0.743073	0.485636	0.271369	0.140592	0.013737
wes_8.sample_119.lane_1	roche	76026632	0.852653	60624897	0.935218	0.654179	0.283617	39.690697	0.146452	16.281731	0.026404	0.969933	0.929007	0.821193	0.632016	0.427129	0.26415	0.023664
wes_8.sample_126.lane_1	roche	72262562	0.860535	58228019	0.936375	0.650279	0.273351	36.5698	0.141965	15.598816	0.028041	0.966156	0.915327	0.780596	0.569108	0.365326	0.216177	0.018926
wes_8.sample_127.lane_1	roche	69341126	0.855995	55606732	0.936839	0.652217	0.281864	36.098015	0.146038	16.132572	0.027431	0.969408	0.92319	0.789748	0.568354	0.354049	0.201769	0.017725
wes_8.sample_128.lane_1	roche	66876780	0.862476	54712755	0.948563	0.652336	0.267969	33.827667	0.141896	15.340067	0.033067	0.961312	0.882846	0.705729	0.495543	0.318763	0.193999	0.017962
wes_8.sample_133.lane_2	roche	53336848	0.852842	41662590	0.915905	0.653705	0.26381	25.235074	0.132724	15.133723	0.031306	0.966382	0.876796	0.607806	0.315887	0.137695	0.057715	0.006036
wes_8.sample_134.lane_2	roche	64971010	0.856514	52118753	0.936569	0.649384	0.262019	31.291993	0.135109	14.931569	0.027979	0.968618	0.903975	0.715656	0.464034	0.262786	0.137159	0.011301
wes_8.sample_135.lane_2	roche	58372734	0.853321	46343790	0.930399	0.651624	0.254241	27.011735	0.129812	14.538315	0.032538	0.961646	0.877146	0.640616	0.367123	0.1797	0.082316	0.00725
wes_8.sample_172.lane_2	roche	73216882	0.858919	58611748	0.932011	0.655342	0.274968	37.312902	0.142962	15.813296	0.026519	0.968978	0.927256	0.812843	0.60135	0.378574	0.216807	0.019143
wes_8.sample_176.lane_2	roche	78179622	0.856517	62165859	0.928373	0.65479	0.282924	40.683451	0.145981	16.257126	0.025774	0.969821	0.932892	0.839678	0.657914	0.445871	0.272978	0.024525
wes_8.sample_190.lane_2	roche	83427118	0.863533	67194260	0.932709	0.653847	0.278827	43.30087	0.1456	15.998618	0.024567	0.970208	0.934799	0.852312	0.691077	0.491689	0.317662	0.030968
wes_8.sample_191.lane_2	roche	79538262	0.860288	64311152	0.939866	0.655151	0.276262	41.167428	0.145194	15.883058	0.025058	0.971409	0.934838	0.838465	0.656912	0.449632	0.282665	0.027017
wes_8.sample_192.lane_2	roche	77368356	0.861337	62529233	0.938311	0.654752	0.272777	39.489504	0.143183	15.673165	0.025798	0.9713	0.93155	0.823794	0.627811	0.416771	0.254925	0.023713
wes_8.sample_303.lane_1	roche	78040886	0.853917	62218229	0.93364	0.653409	0.28045	40.294233	0.144841	16.080957	0.025774	0.969331	0.930093	0.832979	0.649535	0.439055	0.268701	0.024265
wes_8.sample_318.lane_1	roche	74099444	0.851589	58597730	0.928615	0.652474	0.281518	37.975353	0.143767	16.119102	0.026204	0.969451	0.9266	0.813155	0.610701	0.395611	0.232665	0.019624
wes_8.sample_345.lane_1	roche	72966462	0.849331	57422454	0.926577	0.653183	0.28547	37.791871	0.145294	16.363157	0.026824	0.970326	0.927696	0.812381	0.607024	0.391421	0.228875	0.019287
wes_8.sample_443.lane_1	roche	77970088	0.851197	61728117	0.93009	0.65654	0.293553	42.025485	0.151202	16.912951	0.025579	0.97169	0.936428	0.849534	0.679912	0.475232	0.298958	0.026043
wes_9.sample_013	truseq	37952176	0.973727	33887415	0.91699	0.726633	0.452559	31.614181	0.291519	28.857712	0.027454	0.959383	0.892016	0.73475	0.496609	0.281471	0.156972	0.002957
wes_9.sample_014	truseq	45905256	0.968842	40837976	0.918224	0.729086	0.470276	39.724139	0.30284	30.088676	0.025617	0.963191	0.917963	0.818548	0.651597	0.4444	0.276004	0.017116
wes_9.sample_144	truseq	42138982	0.969377	37358759	0.914568	0.735456	0.475326	37.039498	0.307611	30.677503	0.02556	0.963142	0.913119	0.791983	0.594184	0.385848	0.236149	0.013441
wes_9.sample_149	truseq	48786520	0.966779	43079682	0.913367	0.734805	0.473886	42.558592	0.305287	30.557494	0.024996	0.965113	0.925055	0.834852	0.680592	0.487463	0.320227	0.031698
wes_9.sample_156	truseq	42108606	0.970996	37387048	0.914393	0.733335	0.468249	36.406331	0.302571	30.133572	0.025846	0.962973	0.913342	0.790839	0.586852	0.372254	0.224489	0.010908
wes_9.sample_171	truseq	31305922	0.971335	27581224	0.907022	0.743606	0.593131	34.58973	0.386671	38.704833	0.052226	0.942502	0.861594	0.73019	0.549949	0.357918	0.217779	0.010199
wes_9.sample_193	truseq	34797338	0.968216	30682931	0.910707	0.742839	0.590722	38.280242	0.384991	38.507855	0.044041	0.949546	0.884218	0.775793	0.615788	0.424754	0.268203	0.016977
wes_9.sample_194	truseq	32455408	0.967298	28894630	0.920385	0.728364	0.410843	24.488942	0.264061	26.260107	0.030347	0.951425	0.849844	0.596066	0.309575	0.148318	0.068178	0.001206
wes_9.sample_195	truseq	29273838	0.96304	25651793	0.9099	0.73324	0.426569	22.721987	0.271636	27.447809	0.030099	0.949536	0.825851	0.546904	0.267914	0.120776	0.050266	0.00093
wes_9.sample_196	truseq	35713212	0.96948	31480397	0.909228	0.742827	0.584729	38.878776	0.380983	38.116601	0.044776	0.949092	0.880614	0.77061	0.616839	0.435969	0.280415	0.022269
wes_9.sample_215	truseq	39555906	0.961844	34932594	0.918153	0.725749	0.405955	29.178611	0.258152	25.854516	0.029115	0.954162	0.877286	0.700447	0.440031	0.234597	0.124459	0.001864
wes_9.sample_224	truseq	33934762	0.95953	29748275	0.913605	0.72835	0.416393	25.538256	0.263371	26.614325	0.02901	0.953337	0.858533	0.625429	0.340729	0.165711	0.078616	0.001094
wes_9.sample_268	truseq	50777324	0.96311	44701936	0.914072	0.740402	0.587612	55.318077	0.381258	38.179473	0.038957	0.955876	0.908249	0.845468	0.761129	0.652622	0.524646	0.115691
wes_9.sample_269	truseq	45555868	0.964314	40234408	0.915872	0.73791	0.470785	39.604157	0.304241	30.485803	0.026357	0.963019	0.920305	0.814621	0.63028	0.429227	0.275375	0.02228
wes_9.sample_270	truseq	53681350	0.967021	47274454	0.910683	0.737548	0.478804	47.314681	0.308456	30.98988	0.024376	0.965209	0.92957	0.855861	0.731687	0.563876	0.397028	0.055189
wes_9.sample_293	truseq	35757220	0.965829	31588774	0.914679	0.737589	0.46712	30.825797	0.301698	30.235292	0.026643	0.960812	0.893182	0.710165	0.459075	0.26324	0.148857	0.004567
wes_9.sample_392	truseq	35154184	0.961288	30870918	0.913522	0.728407	0.406599	25.899829	0.257835	25.990341	0.028982	0.953148	0.858847	0.632765	0.350661	0.171949	0.083182	0.001368
wes_9.sample_399	truseq	37854684	0.969204	33319398	0.90816	0.737744	0.480391	33.459877	0.309333	31.100835	0.026767	0.961726	0.903563	0.747434	0.515633	0.313098	0.184698	0.007781
wes_9.sample_400	truseq	40954714	0.976134	36774585	0.919887	0.734471	0.433129	33.194944	0.283654	27.916631	0.027221	0.960158	0.897893	0.756556	0.527671	0.309951	0.17807	0.004817
wes_9.sample_406	truseq	32588460	0.966513	28706265	0.911392	0.74727	0.599745	36.588192	0.392915	39.329293	0.055362	0.939167	0.861973	0.745475	0.580697	0.396328	0.250338	0.016503
wes_9.sample_407	truseq	37041944	0.970402	32677144	0.909072	0.747241	0.596758	41.417597	0.391302	39.131892	0.045969	0.94877	0.880316	0.779515	0.645644	0.483332	0.327212	0.034849
wes_9.sample_408	truseq	35456996	0.964936	31126197	0.909758	0.74761	0.592784	39.219692	0.3871	38.890495	0.046995	0.94702	0.879194	0.77523	0.626156	0.444911	0.287665	0.02248
wes_9.sample_409	truseq	37393372	0.975771	33563407	0.919863	0.731252	0.425383	29.59846	0.27701	27.297277	0.027765	0.959092	0.887337	0.706635	0.440213	0.237628	0.130294	0.002501
wes_9.sample_410	truseq	42226486	0.97486	37797579	0.918199	0.731348	0.429165	33.647404	0.278861	27.543568	0.025812	0.961671	0.899741	0.759005	0.538828	0.320881	0.184403	0.00506
wes_9.sample_414	truseq	38959588	0.951809	33813419	0.911854	0.730658	0.402381	28.092909	0.25235	25.800191	0.028605	0.953703	0.869287	0.677905	0.414636	0.214928	0.110386	0.001717
wes_9.sample_415	truseq	29340616	0.965818	25949304	0.915717	0.728527	0.405789	21.723273	0.259106	25.942866	0.029893	0.949867	0.82312	0.520173	0.237722	0.101559	0.037861	0.000742
wes_9.sample_422	truseq	30134854	0.969848	26562098	0.908845	0.741238	0.578175	32.368036	0.375897	37.608746	0.046967	0.946511	0.86423	0.714931	0.508021	0.309644	0.181777	0.005331
wes_9.sample_424	truseq	32359286	0.971136	28616752	0.910628	0.742759	0.589014	35.596567	0.384973	38.392379	0.042103	0.950691	0.879634	0.756676	0.574497	0.373465	0.22666	0.009424
wes_9.sample_425	truseq	33838490	0.969999	29883328	0.910431	0.738595	0.585558	36.755724	0.380133	37.953153	0.039769	0.953111	0.887382	0.766324	0.589849	0.392309	0.242187	0.012838
wes_9.sample_426	truseq	35978350	0.968493	31612009	0.907223	0.735687	0.564247	37.307707	0.362893	36.427864	0.035831	0.956222	0.893616	0.774986	0.599737	0.402321	0.248942	0.013198
wes_9.sample_427	truseq	36802146	0.966131	32655693	0.918438	0.728059	0.407397	27.477727	0.261294	26.028915	0.028743	0.952	0.856787	0.654471	0.398245	0.20741	0.106826	0.001857
wes_9.sample_432	truseq	38775474	0.96679	34182919	0.911843	0.736965	0.492679	35.188713	0.317591	31.862689	0.026567	0.961939	0.908585	0.771663	0.554486	0.347012	0.209275	0.010343
wes_9.sample_433	truseq	36713066	0.972318	32362689	0.906599	0.743941	0.592324	40.547053	0.386509	38.669575	0.043993	0.950764	0.885957	0.783316	0.639179	0.465696	0.30759	0.028932
wes_9.sample_434	truseq	43259380	0.964871	38211995	0.915483	0.736036	0.489408	39.031801	0.315762	31.611235	0.027192	0.961747	0.919137	0.814108	0.627564	0.420975	0.265209	0.018629
wes_9.sample_440	truseq	36661740	0.957578	32040590	0.912669	0.729044	0.402412	26.58544	0.253777	25.74522	0.028485	0.954179	0.864476	0.647574	0.369105	0.184318	0.09141	0.001332
wes_9.sample_458	truseq	37621122	0.969516	33227305	0.910979	0.738468	0.479297	33.334736	0.310089	31.060423	0.026151	0.962677	0.903817	0.740307	0.508071	0.310576	0.184225	0.008816
wes_9.sample_460	truseq	47745542	0.972524	42677998	0.919117	0.733938	0.430151	38.212818	0.28009	27.70464	0.02524	0.963371	0.910747	0.800081	0.624041	0.416242	0.253274	0.013607
wes_9.sample_461	truseq	41136500	0.976185	37043897	0.92248	0.733507	0.430717	33.20352	0.282474	27.724749	0.027263	0.959828	0.894825	0.754059	0.531485	0.314872	0.180228	0.004026
wes_9.sample_462	truseq	41082520	0.973715	36752532	0.918752	0.735762	0.437324	33.544503	0.28575	28.23662	0.025937	0.960755	0.895203	0.753161	0.537101	0.322279	0.184878	0.005263
wes_9.sample_474	truseq	37506392	0.976398	33654722	0.918996	0.734022	0.449267	31.483537	0.293765	28.9391	0.026428	0.960426	0.890486	0.728487	0.488815	0.278304	0.156148	0.003435
wes_9.sample_504	truseq	41530820	0.97417	36983897	0.914129	0.744878	0.474939	37.031244	0.312046	31.045195	0.026552	0.962996	0.909808	0.771136	0.569382	0.378189	0.240331	0.020344
wes_9.sample_510	truseq	40982510	0.959327	36273840	0.922632	0.721286	0.406899	30.187628	0.257782	25.755289	0.029459	0.953437	0.874567	0.705347	0.466184	0.2618	0.141701	0.00242
wes_9.sample_511	truseq	34874664	0.952902	30560875	0.919618	0.722171	0.412882	25.831172	0.259212	26.166013	0.030714	0.951157	0.867142	0.639456	0.346396	0.16908	0.079196	0.001088
wes_9.sample_520	truseq	31477042	0.957711	27682425	0.918281	0.720546	0.417594	23.573196	0.262087	26.405099	0.031521	0.950288	0.853849	0.573643	0.281151	0.130051	0.053864	0.001209
wes_9.sample_524	truseq	64051702	0.968884	56955499	0.917768	0.725928	0.438968	51.49118	0.281335	27.963898	0.023984	0.965011	0.928412	0.865029	0.770279	0.637333	0.479108	0.077264
wes_9.sample_529	truseq	32153886	0.968043	28657346	0.920678	0.715931	0.401187	23.352694	0.25417	25.20518	0.030972	0.948262	0.826777	0.558367	0.288253	0.134144	0.059847	0.000846
wes_9.sample_544	truseq	11814358	0.984865	10684831	0.918292	0.732188	0.457798	10.163018	0.301047	29.414943	0.037535	0.919179	0.476551	0.098	0.0135	0.00172	0.000578	0.000107
wes_9.sample_548	truseq	36593098	0.977904	32775427	0.915911	0.735119	0.437568	29.899626	0.285949	28.227618	0.027025	0.959166	0.879732	0.703193	0.454004	0.248976	0.135977	0.002289
wes_39.sample_Almaz01	agilent	102514954	0.928381	91137402	0.957597	0.677988	0.650885	141.017878	0.388973	38.725566	0.022142	0.976449	0.964312	0.949481	0.929494	0.90355	0.871728	0.640126
wes_39.sample_Almaz02	agilent	123314822	0.94893	111910544	0.956361	0.677494	0.54584	144.803262	0.332044	32.452091	0.01914	0.978884	0.968456	0.956589	0.939477	0.915956	0.885874	0.65424
wes_39.sample_Almaz03	agilent	112462846	0.949104	102350148	0.958883	0.678398	0.654662	159.52718	0.401105	38.973866	0.020729	0.978251	0.969215	0.958982	0.944763	0.925354	0.900491	0.705457
wes_39.sample_Almaz04	agilent	125196190	0.928823	111422305	0.958182	0.67718	0.68017	180.030402	0.406619	40.419705	0.021741	0.976333	0.964996	0.952649	0.937575	0.919352	0.897668	0.742888
wes_39.sample_Almaz05	agilent	118577528	0.955212	108714638	0.959811	0.678795	0.649599	168.196294	0.401095	38.695069	0.0206	0.978136	0.968203	0.957198	0.942563	0.923306	0.89939	0.718509
wes_39.sample_Almaz06	agilent	107992018	0.950858	98462860	0.958882	0.678266	0.644713	151.250964	0.39604	38.37408	0.020304	0.978808	0.969103	0.957144	0.940187	0.91704	0.887927	0.666487
wes_39.sample_Almaz07	agilent	119590830	0.948921	108643993	0.957365	0.675544	0.623128	160.431573	0.379337	36.940492	0.019316	0.978849	0.967466	0.954888	0.938259	0.916751	0.890411	0.696917
wes_39.sample_Almaz08	agilent	135410722	0.94962	123240284	0.958406	0.678065	0.661531	193.676847	0.404443	39.36349	0.019087	0.979718	0.970867	0.962336	0.951539	0.937594	0.919947	0.77979
wes_39.sample_Almaz09	agilent	122992184	0.945343	111325652	0.957477	0.679647	0.616309	163.451221	0.375788	36.758165	0.018658	0.979559	0.968933	0.955889	0.937581	0.913762	0.884962	0.689961
wes_39.sample_SSExomesv6DNA01indexA01	agilent	81971300	0.954626	75285618	0.962093	0.655284	0.715914	125.269883	0.428704	41.168175	0.023731	0.975919	0.967917	0.956745	0.941191	0.920406	0.89357	0.642096
wes_39.sample_SSExomesv6DNA02indexB01	agilent	71944658	0.96465	66573603	0.959254	0.654331	0.654544	101.097335	0.394197	37.584432	0.0204	0.979091	0.970264	0.957414	0.937625	0.908038	0.866003	0.473059
wes_39.sample_SSExomesv6DNA03indexC01	agilent	89323920	0.963629	82772880	0.961635	0.664551	0.735986	143.066706	0.449307	42.92096	0.023579	0.975821	0.968837	0.959953	0.947934	0.932476	0.912867	0.720129
wes_39.sample_SSExomesv6DNA04indexD01	agilent	80171224	0.965821	74395401	0.960795	0.654597	0.709626	122.47752	0.428558	40.763857	0.021985	0.977419	0.969873	0.959326	0.943192	0.91995	0.887464	0.592097
wes_39.sample_SSExomesv6DNA05indexE01	agilent	74967156	0.974916	70008426	0.957883	0.660242	0.638916	104.014216	0.389219	37.018496	0.020739	0.97806	0.968743	0.954956	0.9333	0.901154	0.856145	0.467406
wes_39.sample_SSExomesv6DNA06indexF01	agilent	89512420	0.967475	83054467	0.959047	0.657618	0.641495	123.903304	0.388304	37.020219	0.021207	0.977159	0.968125	0.957001	0.941472	0.920961	0.894192	0.627452
wes_39.sample_SSExomesv6DNA07indexG01	agilent	80120474	0.968485	74528886	0.96048	0.657083	0.63457	110.291541	0.386163	36.590775	0.021722	0.977254	0.968612	0.956737	0.939126	0.914161	0.879935	0.545353
wes_39.sample_SSExomesv6DNA08indexH01	agilent	85386220	0.967261	79398772	0.961352	0.658975	0.722524	134.112664	0.44061	41.782391	0.022786	0.976532	0.969039	0.958698	0.944679	0.926155	0.902471	0.68061
wes_39.sample_SSExomesv6DNA09indexA02	agilent	75817710	0.973036	71069311	0.963347	0.650072	0.686268	112.614519	0.416674	39.149532	0.021445	0.978474	0.969959	0.957917	0.940304	0.915342	0.881112	0.564735
wes_39.sample_SSExomesv6DNA10indexB02	agilent	79966018	0.967033	74302553	0.960853	0.663269	0.720852	125.88064	0.441597	41.957259	0.023445	0.975875	0.968889	0.959357	0.945382	0.925897	0.899544	0.627758
wes_40.sample_B10087	roche	42657070	0.734793	28802270	0.918905	0.641545	0.673954	52.189749	0.289662	37.942803	0.035616	0.97105	0.950427	0.894409	0.778879	0.614999	0.444061	0.061035
wes_40.sample_B10095	roche	41190164	0.714383	26896118	0.914039	0.642656	0.653434	47.192511	0.271943	36.851217	0.034313	0.972015	0.948134	0.877164	0.730354	0.541023	0.363959	0.044539
wes_40.sample_B40014	roche	41477538	0.746068	28451545	0.919421	0.647526	0.664206	50.524804	0.292387	37.742573	0.034771	0.971937	0.950018	0.890151	0.764055	0.590998	0.416032	0.054255
wes_40.sample_B40027	roche	51071202	0.700719	32910690	0.919638	0.640356	0.640982	56.434335	0.262192	36.019639	0.032022	0.974673	0.956834	0.911924	0.816715	0.671246	0.506428	0.075923
wes_40.sample_B4006	roche	58017012	0.689529	36814537	0.920261	0.632232	0.593275	58.169959	0.23592	32.915795	0.031192	0.975389	0.958807	0.917351	0.828029	0.689697	0.531064	0.084336
wes_40.sample_BR124	roche	53793824	0.883279	44282997	0.93198	0.682429	0.451453	41.955488	0.251179	27.035945	0.032772	0.968957	0.93842	0.847737	0.670191	0.458237	0.281823	0.030898
wes_40.sample_BR125	roche	68991290	0.85648	55352619	0.936757	0.666283	0.468987	54.906643	0.248271	27.421481	0.029989	0.973026	0.953617	0.909732	0.814178	0.665841	0.498648	0.067544
wes_40.sample_BR126	roche	48525636	0.871078	39200359	0.927388	0.672069	0.479166	39.695196	0.257379	28.259939	0.033106	0.970546	0.938739	0.837267	0.640438	0.418757	0.24385	0.024662
wes_40.sample_BR127	roche	74608610	0.844695	58587882	0.929649	0.673456	0.468495	57.944951	0.24518	27.687623	0.029197	0.972862	0.952946	0.913499	0.830559	0.698133	0.54005	0.081991
wes_40.sample_BR128	roche	66872046	0.852766	52861357	0.926966	0.66843	0.47273	52.589874	0.247256	27.729396	0.029325	0.973795	0.953567	0.90548	0.799791	0.639428	0.46375	0.055665
wes_40.sample_BR129	roche	73018128	0.827323	56215335	0.93057	0.665395	0.478956	56.975008	0.242956	27.967078	0.028862	0.974406	0.956441	0.91751	0.831521	0.692942	0.530123	0.073405
wes_40.sample_BR130	roche	65107178	0.866113	52392405	0.929105	0.669746	0.477128	53.004597	0.254515	28.042507	0.029841	0.973161	0.9537	0.906935	0.801364	0.640028	0.464899	0.05834
wes_40.sample_BR140	roche	61762142	0.827294	47249692	0.924734	0.664536	0.585483	63.49507	0.296449	34.143241	0.029946	0.976356	0.961043	0.928883	0.861973	0.749899	0.607273	0.112789
wes_32.sample_A13-2	roche	33534340	0.78674	24477259	0.927773	0.643951	0.647073	42.358433	0.301217	36.566068	0.036919	0.968774	0.939331	0.852953	0.681761	0.474732	0.295765	0.028764
wes_32.sample_A2-2	roche	39758568	0.746367	27307829	0.920247	0.640829	0.656664	47.445329	0.283677	36.928121	0.035149	0.971606	0.912389	0.725628	0.543098	0.418003	0.331436	0.106052
wes_32.sample_A4-2	roche	24467024	0.779961	17455331	0.914691	0.658778	0.685108	31.309098	0.318937	39.606823	0.039821	0.964663	0.911519	0.732307	0.467819	0.248058	0.121337	0.013794
wes_32.sample_A5-2	roche	29580628	0.781562	21170580	0.915719	0.650833	0.614454	34.315316	0.281721	35.0938	0.037511	0.968294	0.914859	0.72112	0.474103	0.290404	0.179593	0.026469
wes_32.sample_A6-2	roche	29293054	0.760114	20581010	0.924322	0.649957	0.674425	37.073936	0.305215	38.467194	0.038456	0.967573	0.929173	0.806837	0.590643	0.368348	0.205865	0.020765
wes_32.sample_A7-2	roche	38877880	0.779538	28074842	0.926354	0.642296	0.649059	48.720694	0.298337	36.583971	0.034948	0.970992	0.948774	0.889834	0.764094	0.585325	0.404929	0.041785